id,firstname,lastname,email,department,mobile_number,city
100,Tera,Ailyn,Tera.Ailyn@yopmail.com,FINANCE,2597906017,Naples
101,Ida,Autrey,Ida.Autrey@yopmail.com,SALES,7853114017,Cardiff
102,Benita,Duwalt,Benita.Duwalt@yopmail.com,HR,7954050545,Qingdao
103,Fred,Woodberry,Fred.Woodberry@yopmail.com,SALES,5096299533,Cayenne
104,Cherrita,Dulciana,Cherrita.Dulciana@yopmail.com,IT,1450462724,Luxembourg (city)
105,Tarra,Hylan,Tarra.Hylan@yopmail.com,DATA ENGINEERING,9595902419,St. Louis
106,Kittie,Maples,Kittie.Maples@yopmail.com,FINANCE,4217450693,Hobart
107,Meriel,Ader,Meriel.Ader@yopmail.com,FINANCE,2760076349,Minsk
108,Rhoda,Amand,Rhoda.Amand@yopmail.com,FINANCE,7141704316,Kota Kinabalu
109,Roberta,Gahl,Roberta.Gahl@yopmail.com,FINANCE,2930329919,Luxor
110,Cherilyn,Sidonius,Cherilyn.Sidonius@yopmail.com,IT,7085480044,Tehran
111,Chandra,Chandler,Chandra.Chandler@yopmail.com,IT,8596199435,Pago Pago
112,Fidelia,Fadiman,Fidelia.Fadiman@yopmail.com,DATA ENGINEERING,9609567067,Odessa
113,Belva,Susannah,Belva.Susannah@yopmail.com,DATA ENGINEERING,6373891177,Pittsburgh
114,Joleen,Pip,Joleen.Pip@yopmail.com,HR,2524961984,Kobe
115,Philis,Nunci,Philis.Nunci@yopmail.com,HR,4108348392,Nairobi
116,Hyacinthe,Sinegold,Hyacinthe.Sinegold@yopmail.com,FINANCE,6881519930,Stockholm
117,Gusty,Herrera,Gusty.Herrera@yopmail.com,DATA ENGINEERING,7860823018,Qingdao
118,Priscilla,Noam,Priscilla.Noam@yopmail.com,HR,3566918185,Kuwait City
119,Moyna,Esmaria,Moyna.Esmaria@yopmail.com,SALES,3860692515,London
120,Allis,Shuler,Allis.Shuler@yopmail.com,IT,3074828157,Lobamba
121,Joleen,Jagir,Joleen.Jagir@yopmail.com,HR,3318910157,Hong Kong
122,Juliane,Stav,Juliane.Stav@yopmail.com,DATA ENGINEERING,2011510057,Warsaw
123,Mara,Halsey,Mara.Halsey@yopmail.com,SALES,2268512802,Managua
124,Nollie,Saunderson,Nollie.Saunderson@yopmail.com,SALES,9797772756,Hong Kong
125,Desirae,Grobe,Desirae.Grobe@yopmail.com,DATA ENGINEERING,8318531135,Zhengzhou
126,Sadie,Phaidra,Sadie.Phaidra@yopmail.com,HR,7192194591,Cairo
127,Lucy,Rugen,Lucy.Rugen@yopmail.com,FINANCE,4992074937,Harbin
128,Susan,Dosia,Susan.Dosia@yopmail.com,SALES,4075861525,Cayenne
129,Claresta,Melony,Claresta.Melony@yopmail.com,IT,1082741364,Iqaluit
130,Merry,Velick,Merry.Velick@yopmail.com,DATA ENGINEERING,7190739920,Arequipa
131,Kimberley,Medrek,Kimberley.Medrek@yopmail.com,DATA ENGINEERING,3241677433,Dammam
132,Joleen,Catie,Joleen.Catie@yopmail.com,SALES,4121358602,Antananarivo
133,Caressa,Audly,Caressa.Audly@yopmail.com,HR,4672266723,Miami
134,Deedee,Junie,Deedee.Junie@yopmail.com,IT,5698187247,Mexicali
135,Rhea,Christal,Rhea.Christal@yopmail.com,DATA ENGINEERING,1189255743,Maracaibo
136,Jerry,Sisile,Jerry.Sisile@yopmail.com,HR,1783119465,Stanley
137,Ana,Vary,Ana.Vary@yopmail.com,IT,4603487059,Astana
138,Georgetta,Olympium,Georgetta.Olympium@yopmail.com,HR,1071359251,Birmingham
139,Kimberley,Artie,Kimberley.Artie@yopmail.com,SALES,7076849983,Nizhny Novgorod
140,Lita,Terrence,Lita.Terrence@yopmail.com,IT,9656903107,Nizhny Novgorod
141,Fawne,Plato,Fawne.Plato@yopmail.com,FINANCE,1495597202,Iqaluit
142,Almeta,Wooster,Almeta.Wooster@yopmail.com,SALES,8014602547,Darwin
143,Gilda,Flita,Gilda.Flita@yopmail.com,SALES,8086986231,San Carlos de Bariloche
144,Vonny,Land,Vonny.Land@yopmail.com,IT,8661490762,Cannes
145,Stephanie,Redmond,Stephanie.Redmond@yopmail.com,IT,9599886603,Jakarta
146,Margette,Presber,Margette.Presber@yopmail.com,IT,4980998628,São José dos Campos
147,Edith,Flita,Edith.Flita@yopmail.com,HR,8712900034,Singapore
148,Cristabel,Crudden,Cristabel.Crudden@yopmail.com,SALES,2721302647,Kanpur
149,Jerry,Cavan,Jerry.Cavan@yopmail.com,HR,4773119544,Bissau
150,Leona,Carolin,Leona.Carolin@yopmail.com,DATA ENGINEERING,2122844922,Rockhampton
151,Katharina,Tayib,Katharina.Tayib@yopmail.com,SALES,9628884485,Port Moresby
152,Hayley,Burkle,Hayley.Burkle@yopmail.com,DATA ENGINEERING,8546811433,Banda Aceh
153,Aurelie,MacIntosh,Aurelie.MacIntosh@yopmail.com,FINANCE,5798743560,Puerto Williams
154,Lelah,Arquit,Lelah.Arquit@yopmail.com,SALES,5727654435,Vilnius
155,Ira,Evangelia,Ira.Evangelia@yopmail.com,FINANCE,9999622828,Rabat
156,Gretal,Ball,Gretal.Ball@yopmail.com,IT,7165585124,Surat
157,Kaja,Ajay,Kaja.Ajay@yopmail.com,IT,5199358035,Ankara
158,Bernie,Zenas,Bernie.Zenas@yopmail.com,DATA ENGINEERING,8725740168,Amsterdam
159,Shannah,Tybald,Shannah.Tybald@yopmail.com,IT,3165814024,Luxor
160,Beverley,Lynn,Beverley.Lynn@yopmail.com,FINANCE,4090036898,San José
161,Ileana,Ellord,Ileana.Ellord@yopmail.com,FINANCE,7369323033,Cannes
162,Paola,Swigart,Paola.Swigart@yopmail.com,DATA ENGINEERING,5754688431,Istanbul
163,Elyssa,Rurik,Elyssa.Rurik@yopmail.com,HR,8331895241,Malmö
164,Daphne,Malvino,Daphne.Malvino@yopmail.com,FINANCE,2088579653,Harbin
165,Liana,Carlson,Liana.Carlson@yopmail.com,IT,9052437708,Chennai
166,Selma,Ardra,Selma.Ardra@yopmail.com,SALES,4317671988,Louisville
167,Talya,Love,Talya.Love@yopmail.com,DATA ENGINEERING,3722805445,Honolulu
168,Miquela,Haldas,Miquela.Haldas@yopmail.com,HR,9955539508,Minneapolis
169,Brianna,Parsaye,Brianna.Parsaye@yopmail.com,IT,8791939682,Koulikoro
170,Elsie,Tengdin,Elsie.Tengdin@yopmail.com,SALES,2653757953,Surat Thani
171,Annecorinne,Diann,Annecorinne.Diann@yopmail.com,DATA ENGINEERING,7463397198,Hanga Roa
172,Shel,Rogerio,Shel.Rogerio@yopmail.com,HR,5034720289,Multan
173,Gui,Zaslow,Gui.Zaslow@yopmail.com,DATA ENGINEERING,3158324061,Guangzhou
174,Annecorinne,Brunell,Annecorinne.Brunell@yopmail.com,HR,8617729804,Boston
175,Brianna,Shirberg,Brianna.Shirberg@yopmail.com,HR,8867319663,Sacramento
176,Tomasina,Prober,Tomasina.Prober@yopmail.com,IT,5038777169,Niamey
177,Rosabelle,Hailee,Rosabelle.Hailee@yopmail.com,DATA ENGINEERING,2096448709,Belmopan
178,Maisey,Hollingsworth,Maisey.Hollingsworth@yopmail.com,FINANCE,1524546642,Oklahoma City
179,Tina,Lay,Tina.Lay@yopmail.com,DATA ENGINEERING,4398457963,Chongqing
180,Goldie,Riva,Goldie.Riva@yopmail.com,DATA ENGINEERING,1718554600,Hai Phong
181,Beatriz,McNully,Beatriz.McNully@yopmail.com,IT,9999875281,Cebu City
182,Rhea,Virgin,Rhea.Virgin@yopmail.com,FINANCE,7393798963,Tallinn
183,Cristine,Arvo,Cristine.Arvo@yopmail.com,FINANCE,7908819098,Ürümqi
184,Laure,Berl,Laure.Berl@yopmail.com,HR,7742430428,Guayaquil
185,Aili,Bord,Aili.Bord@yopmail.com,SALES,1808061754,Punta Arenas
186,Shauna,Terencio,Shauna.Terencio@yopmail.com,DATA ENGINEERING,1131075614,Sri Jayawardenapura-Kotte
187,Gratia,Uund,Gratia.Uund@yopmail.com,FINANCE,8169200358,Mersin
188,Lorenza,Sabella,Lorenza.Sabella@yopmail.com,HR,9099086160,Muscat
189,Lory,Wiener,Lory.Wiener@yopmail.com,FINANCE,8017902991,Marrakech
190,Meg,Teryn,Meg.Teryn@yopmail.com,HR,5208972572,Toulouse
191,Neila,Maurine,Neila.Maurine@yopmail.com,HR,7733343705,Guwahati
192,Elbertina,Ogren,Elbertina.Ogren@yopmail.com,DATA ENGINEERING,5548710765,Split (city)
193,Mignon,Grosz,Mignon.Grosz@yopmail.com,IT,1346731948,Nagoya
194,Bernie,Ochs,Bernie.Ochs@yopmail.com,IT,9141346055,Quebec City
195,Ruthe,Zaslow,Ruthe.Zaslow@yopmail.com,IT,4654787852,Port Blair
196,Elmira,Pandolfi,Elmira.Pandolfi@yopmail.com,FINANCE,6305757288,Moscow
197,Iseabal,Mike,Iseabal.Mike@yopmail.com,IT,6245384470,Amritsar
198,Catrina,Vins,Catrina.Vins@yopmail.com,IT,9274573016,Dakar
199,Mariann,Goldina,Mariann.Goldina@yopmail.com,DATA ENGINEERING,6002478989,Minneapolis
200,Nita,Noman,Nita.Noman@yopmail.com,SALES,9609454439,Boston
201,Jessamyn,Bethany,Jessamyn.Bethany@yopmail.com,IT,4235454985,Maceió
202,Cacilie,Bertold,Cacilie.Bertold@yopmail.com,FINANCE,3336759593,Luxor
203,Kathi,Rooney,Kathi.Rooney@yopmail.com,HR,2147787615,Chongqing
204,Bill,Presber,Bill.Presber@yopmail.com,IT,7923161319,Port Blair
205,Alyssa,Stav,Alyssa.Stav@yopmail.com,HR,2401760386,Nanjing
206,Silvana,Jotham,Silvana.Jotham@yopmail.com,FINANCE,1817860797,Majuro
207,Frieda,LaRue,Frieda.LaRue@yopmail.com,FINANCE,7703552329,Amman
208,Kayla,Gillan,Kayla.Gillan@yopmail.com,DATA ENGINEERING,8047313595,Kharkiv
209,Paulita,Lowry,Paulita.Lowry@yopmail.com,IT,7182839313,London
210,Addia,Thornburg,Addia.Thornburg@yopmail.com,FINANCE,8072575499,Islamabad
211,Kial,Tristram,Kial.Tristram@yopmail.com,SALES,5293027053,Warsaw
212,Hettie,Pascia,Hettie.Pascia@yopmail.com,HR,2813761994,City of San Marino
213,Laure,Georas,Laure.Georas@yopmail.com,DATA ENGINEERING,2199740807,Ahmedabad
214,Allis,Monk,Allis.Monk@yopmail.com,HR,9538025752,San Antonio
215,Grier,Secrest,Grier.Secrest@yopmail.com,HR,9174761628,Algiers
216,Agnese,Orelee,Agnese.Orelee@yopmail.com,FINANCE,7189771720,Yokohama
217,Sibella,Jerold,Sibella.Jerold@yopmail.com,IT,6977646420,Santo Domingo
218,Gilligan,Nea,Gilligan.Nea@yopmail.com,HR,5168941436,Addis Ababa
219,Lita,Felecia,Lita.Felecia@yopmail.com,DATA ENGINEERING,9428954901,Phnom Penh
220,Rosanne,Stoller,Rosanne.Stoller@yopmail.com,DATA ENGINEERING,2494343141,Kansas City
221,Lolita,O'Rourke,Lolita.O'Rourke@yopmail.com,HR,8777051184,Tucson
222,Maud,Vale,Maud.Vale@yopmail.com,FINANCE,6024948849,Manzini
223,Ilse,Smitt,Ilse.Smitt@yopmail.com,SALES,9258764388,Fredericton
224,Nannie,Clara,Nannie.Clara@yopmail.com,HR,3596904915,Bujumbura
225,Flory,Shaver,Flory.Shaver@yopmail.com,SALES,8763162291,Singapore
226,Karena,Kosey,Karena.Kosey@yopmail.com,SALES,2119857406,Ottawa
227,Dale,Dulciana,Dale.Dulciana@yopmail.com,DATA ENGINEERING,8136352192,Bangalore
228,Yolane,Pacorro,Yolane.Pacorro@yopmail.com,DATA ENGINEERING,5112969304,Bangkok
229,Collen,Rubie,Collen.Rubie@yopmail.com,IT,3001656512,Pekanbaru
230,Cathie,Granoff,Cathie.Granoff@yopmail.com,DATA ENGINEERING,8429103011,Antananarivo
231,Laure,Nikaniki,Laure.Nikaniki@yopmail.com,IT,9655144542,Daegu
232,Cassandra,Egbert,Cassandra.Egbert@yopmail.com,FINANCE,2802025378,Glasgow
233,Janey,Jalbert,Janey.Jalbert@yopmail.com,IT,6308042237,Chişinău
234,Catharine,Eben,Catharine.Eben@yopmail.com,DATA ENGINEERING,9944374425,Adak
235,Cissiee,Bakerman,Cissiee.Bakerman@yopmail.com,DATA ENGINEERING,6701231330,Warsaw
236,Ardeen,Corrine,Ardeen.Corrine@yopmail.com,SALES,9761424974,Chuí
237,Noelle,Oriana,Noelle.Oriana@yopmail.com,HR,4738331029,Dededo
238,Jacquetta,Melleta,Jacquetta.Melleta@yopmail.com,SALES,6992796870,Novosibirsk
239,Goldie,Silvan,Goldie.Silvan@yopmail.com,HR,8506215803,Strasbourg
240,Merry,Monk,Merry.Monk@yopmail.com,HR,3442409017,Dili
241,Charlena,Moseley,Charlena.Moseley@yopmail.com,HR,9454718199,Petropavlovsk-Kamchatsky
242,Rosaline,Eliathas,Rosaline.Eliathas@yopmail.com,IT,2461903065,Mogadishu
243,Aurelie,Lytton,Aurelie.Lytton@yopmail.com,FINANCE,9009393489,Chihuahua
244,Georgina,Kiyoshi,Georgina.Kiyoshi@yopmail.com,SALES,4450843041,Dublin
245,Dolli,Kannry,Dolli.Kannry@yopmail.com,DATA ENGINEERING,8585828434,Nagpur
246,Jerry,Maroney,Jerry.Maroney@yopmail.com,SALES,2924192246,Whitehorse
247,Robinia,Cottle,Robinia.Cottle@yopmail.com,DATA ENGINEERING,1319952696,Vitória
248,Dania,Nadia,Dania.Nadia@yopmail.com,IT,9205343465,Shijiazhuang
249,Mureil,Bibi,Mureil.Bibi@yopmail.com,IT,2744038931,Salzburg
250,Emmey,Kenney,Emmey.Kenney@yopmail.com,HR,8425453022,Ponta Delgada
251,Stevana,Albertine,Stevana.Albertine@yopmail.com,SALES,6221912846,Accra
252,Anica,Alisia,Anica.Alisia@yopmail.com,FINANCE,4941950008,Split (city)
253,Clo,Haldas,Clo.Haldas@yopmail.com,IT,7264969346,Yaoundé
254,Silvana,Allys,Silvana.Allys@yopmail.com,SALES,3327288057,Chennai
255,Bettine,Hartnett,Bettine.Hartnett@yopmail.com,HR,7343706529,Columbus
256,Sharai,Lory,Sharai.Lory@yopmail.com,HR,1724213820,Moroni
257,Vinita,Rustice,Vinita.Rustice@yopmail.com,DATA ENGINEERING,7678991673,Muscat
258,Alia,Geffner,Alia.Geffner@yopmail.com,FINANCE,2467459718,Chennai
259,Tani,Randene,Tani.Randene@yopmail.com,IT,8064090463,Chaguanas
260,Lacie,Leifeste,Lacie.Leifeste@yopmail.com,DATA ENGINEERING,2688570620,Busan
261,Quintina,Magnolia,Quintina.Magnolia@yopmail.com,DATA ENGINEERING,8084476152,Stanley
262,Ann-Marie,Gherardo,Ann-Marie.Gherardo@yopmail.com,DATA ENGINEERING,8517305894,Calama
263,Fred,Yusuk,Fred.Yusuk@yopmail.com,DATA ENGINEERING,4001258368,Hargeisa
264,Dale,Hebner,Dale.Hebner@yopmail.com,SALES,6204455815,Austin
265,Lita,Thad,Lita.Thad@yopmail.com,IT,5214301580,Ponta Delgada
266,Ricky,Sherfield,Ricky.Sherfield@yopmail.com,FINANCE,3396990045,Bogotá
267,Vere,Vary,Vere.Vary@yopmail.com,IT,2707804541,Gangtok
268,Julieta,Decato,Julieta.Decato@yopmail.com,HR,1666410041,Austin
269,Layla,Genna,Layla.Genna@yopmail.com,HR,2448036763,Petropavlovsk-Kamchatsky
270,Ira,Stanwood,Ira.Stanwood@yopmail.com,FINANCE,8680315857,Srinagar
271,Natka,Beebe,Natka.Beebe@yopmail.com,SALES,8486471771,La Paz
272,Inga,Marisa,Inga.Marisa@yopmail.com,HR,5136939699,San Fernando
273,Sue,Dreda,Sue.Dreda@yopmail.com,DATA ENGINEERING,2909489232,Arequipa
274,Kaja,Munn,Kaja.Munn@yopmail.com,FINANCE,9833598005,Tianjin
275,Lacie,Jehu,Lacie.Jehu@yopmail.com,DATA ENGINEERING,7864060181,Ulan Bator
276,Zsa Zsa,Sheng,Zsa Zsa.Sheng@yopmail.com,FINANCE,6972581283,Malang
277,Lacie,Linehan,Lacie.Linehan@yopmail.com,DATA ENGINEERING,6163184220,Jerusalem
278,Suzette,Lareena,Suzette.Lareena@yopmail.com,DATA ENGINEERING,9263220587,Sofia
279,Jobi,Riordan,Jobi.Riordan@yopmail.com,FINANCE,5779515567,Magadan
280,Aeriela,Philoo,Aeriela.Philoo@yopmail.com,SALES,4093970891,New Delhi
281,Edee,Sigfrid,Edee.Sigfrid@yopmail.com,IT,3452038521,Cincinnati
282,Livvyy,Strephon,Livvyy.Strephon@yopmail.com,IT,3692399179,Chongqing
283,Carol-Jean,Ummersen,Carol-Jean.Ummersen@yopmail.com,HR,6703616364,Guayaquil
284,Donetta,Wittie,Donetta.Wittie@yopmail.com,FINANCE,7496567871,Tabriz
285,Heida,Hunfredo,Heida.Hunfredo@yopmail.com,IT,2309327477,Fort-de-France
286,Jenda,Tound,Jenda.Tound@yopmail.com,HR,4353103540,South Tarawa
287,Berta,Kathie,Berta.Kathie@yopmail.com,IT,2910541376,Melbourne
288,Rebeca,Havens,Rebeca.Havens@yopmail.com,IT,8043333072,Yekaterinburg
289,Nessie,Aldric,Nessie.Aldric@yopmail.com,SALES,9462200161,Rome
290,Jolyn,Belldas,Jolyn.Belldas@yopmail.com,HR,1492313373,Lucknow
291,Tiffie,Alfons,Tiffie.Alfons@yopmail.com,IT,2804968177,Pelotas
292,Jenilee,Janene,Jenilee.Janene@yopmail.com,IT,4912692986,Ashgabat
293,Charmaine,Camden,Charmaine.Camden@yopmail.com,FINANCE,7840026876,Kandahar
294,Juliane,Schalles,Juliane.Schalles@yopmail.com,DATA ENGINEERING,2047605398,Tucson
295,Clarice,Holtz,Clarice.Holtz@yopmail.com,FINANCE,3715617241,Port Hedland
296,Lucy,Saree,Lucy.Saree@yopmail.com,HR,2323313022,Ottawa
297,Ricky,Harday,Ricky.Harday@yopmail.com,DATA ENGINEERING,9944175398,Chaguanas
298,Emilia,Gombach,Emilia.Gombach@yopmail.com,IT,2409271587,Harare
299,Hermione,Allina,Hermione.Allina@yopmail.com,HR,3231166043,Vienna
300,Elena,Bivins,Elena.Bivins@yopmail.com,DATA ENGINEERING,8077247957,Malmö
301,Vita,Harl,Vita.Harl@yopmail.com,SALES,9460547525,Asmara
302,Julieta,Wareing,Julieta.Wareing@yopmail.com,IT,4126151120,Dammam
303,Ottilie,Fleeta,Ottilie.Fleeta@yopmail.com,SALES,8340140229,Basra
304,Tilly,Cherianne,Tilly.Cherianne@yopmail.com,DATA ENGINEERING,2376050587,Cebu City
305,Janey,Irmine,Janey.Irmine@yopmail.com,SALES,7913644053,Prague
306,Millie,Lalitta,Millie.Lalitta@yopmail.com,IT,5851039549,Cuiabá
307,Edee,O'Neill,Edee.O'Neill@yopmail.com,DATA ENGINEERING,1713523485,Andorra la Vella
308,Trixi,Timon,Trixi.Timon@yopmail.com,FINANCE,9261608578,Makati City
309,Edyth,Dominy,Edyth.Dominy@yopmail.com,HR,2488821033,Greenwich
310,Orelia,Vacuva,Orelia.Vacuva@yopmail.com,SALES,2450913407,Conakry
311,Barbi,Richers,Barbi.Richers@yopmail.com,SALES,3935846276,Tucson
312,Annecorinne,Teryn,Annecorinne.Teryn@yopmail.com,HR,1813691970,Kyoto
313,Rebeca,Crudden,Rebeca.Crudden@yopmail.com,DATA ENGINEERING,1641647685,Iquique
314,Kore,Teryn,Kore.Teryn@yopmail.com,HR,3258698094,Cayenne
315,Renie,Narton,Renie.Narton@yopmail.com,IT,6284986404,San Diego
316,Dania,Vivle,Dania.Vivle@yopmail.com,HR,8764369832,Dibrugarh
317,Damaris,Felecia,Damaris.Felecia@yopmail.com,SALES,5725325876,Lima
318,Alejandra,Hertzfeld,Alejandra.Hertzfeld@yopmail.com,SALES,4016588420,Lucknow
319,Zsa Zsa,Deny,Zsa Zsa.Deny@yopmail.com,DATA ENGINEERING,8638428643,Abuja
320,Jordan,Jaylene,Jordan.Jaylene@yopmail.com,DATA ENGINEERING,9964165106,Hamilton
321,Sophia,Howlyn,Sophia.Howlyn@yopmail.com,SALES,1954915661,Quezon City
322,Nelle,Rogerio,Nelle.Rogerio@yopmail.com,HR,4714635649,Panama City
323,Calla,Reidar,Calla.Reidar@yopmail.com,SALES,3920838258,Maseru
324,Nonnah,Smitt,Nonnah.Smitt@yopmail.com,IT,6145093068,Cleveland
325,Jillayne,Even,Jillayne.Even@yopmail.com,IT,4372158083,Alofi
326,Ilse,Drisko,Ilse.Drisko@yopmail.com,IT,4281065204,Tehran
327,Florie,Moseley,Florie.Moseley@yopmail.com,IT,5551558418,Novosibirsk
328,Feliza,Koehler,Feliza.Koehler@yopmail.com,DATA ENGINEERING,5489070186,Santa Cruz de la Sierra
329,Louella,Dearborn,Louella.Dearborn@yopmail.com,HR,1714310985,Tirana
330,Dotty,Paine,Dotty.Paine@yopmail.com,DATA ENGINEERING,8830881479,Castries
331,Allyce,Konyn,Allyce.Konyn@yopmail.com,HR,8957259784,Austin
332,Claresta,Izaak,Claresta.Izaak@yopmail.com,DATA ENGINEERING,3978317819,South Tarawa
333,Rosene,Stefa,Rosene.Stefa@yopmail.com,FINANCE,6241351800,Valdivia
334,Cissiee,Simmonds,Cissiee.Simmonds@yopmail.com,IT,7193371297,Nouméa
335,Nanete,O'Neill,Nanete.O'Neill@yopmail.com,FINANCE,2658656108,Singapore
336,Jan,Kolnick,Jan.Kolnick@yopmail.com,FINANCE,9476054609,Barranquilla
337,Raquela,Charity,Raquela.Charity@yopmail.com,SALES,5423605820,Labasa
338,Phylis,Astra,Phylis.Astra@yopmail.com,SALES,5436732970,Innsbruck
339,Frances,Soneson,Frances.Soneson@yopmail.com,FINANCE,8789568305,Mbabane
340,Di,Amasa,Di.Amasa@yopmail.com,DATA ENGINEERING,5862638357,Bogotá
341,Charmaine,Pacorro,Charmaine.Pacorro@yopmail.com,FINANCE,6145999989,Doha
342,Tabbatha,Newell,Tabbatha.Newell@yopmail.com,HR,2434106509,Iqaluit
343,Nadine,Lorenz,Nadine.Lorenz@yopmail.com,FINANCE,7156990289,Baku
344,Deloria,Turne,Deloria.Turne@yopmail.com,IT,5577087287,Yellowknife
345,Trudie,Aloise,Trudie.Aloise@yopmail.com,FINANCE,9366000946,Yaren District
346,Patricia,Albertine,Patricia.Albertine@yopmail.com,IT,5288830107,Hargeisa
347,Tierney,Autrey,Tierney.Autrey@yopmail.com,HR,2735488257,Odessa
348,Frieda,Gemini,Frieda.Gemini@yopmail.com,IT,3589835726,Chicago
349,Liana,Kamaria,Liana.Kamaria@yopmail.com,FINANCE,5722582198,Kiev
350,Lilith,Medrek,Lilith.Medrek@yopmail.com,HR,4878812323,Bahía Blanca
351,Beatriz,Erb,Beatriz.Erb@yopmail.com,FINANCE,7552524660,Nakhon Ratchasima
352,Ermengarde,Lindemann,Ermengarde.Lindemann@yopmail.com,HR,8264050042,Semarang
353,Lacie,Berl,Lacie.Berl@yopmail.com,HR,8140239215,Recife
354,Di,Elo,Di.Elo@yopmail.com,SALES,3224029009,Taiyuan
355,Selia,Linehan,Selia.Linehan@yopmail.com,SALES,8435477866,Lhasa
356,Kalina,Helfand,Kalina.Helfand@yopmail.com,IT,3976785628,Casablanca
357,Adore,Germann,Adore.Germann@yopmail.com,FINANCE,9200902868,Iquitos
358,Flory,Harriman,Flory.Harriman@yopmail.com,IT,8478359546,Kyoto
359,Alleen,Sisile,Alleen.Sisile@yopmail.com,DATA ENGINEERING,5719880877,Saskatoon
360,Blondelle,Oneida,Blondelle.Oneida@yopmail.com,DATA ENGINEERING,5691465658,Warsaw
361,Sabina,Norvol,Sabina.Norvol@yopmail.com,IT,7692398924,Birkirkara
362,Kelly,Eckblad,Kelly.Eckblad@yopmail.com,SALES,7420707613,Funafuti
363,Ericka,Verger,Ericka.Verger@yopmail.com,SALES,7446668580,Mexicali
364,Jillayne,Eno,Jillayne.Eno@yopmail.com,DATA ENGINEERING,4010784426,Nouakchott
365,Joelly,Sammons,Joelly.Sammons@yopmail.com,DATA ENGINEERING,5444762012,Seattle
366,Emmey,Mitzi,Emmey.Mitzi@yopmail.com,SALES,8105060682,Cuiabá
367,Gavrielle,Terencio,Gavrielle.Terencio@yopmail.com,FINANCE,1879072325,Nakhon Ratchasima
368,Louella,Mata,Louella.Mata@yopmail.com,DATA ENGINEERING,7385405412,Jacksonville
369,Romona,Anyah,Romona.Anyah@yopmail.com,HR,3369008191,Podgorica
370,Ardeen,Gunn,Ardeen.Gunn@yopmail.com,IT,5106416013,Stockholm
371,Ardenia,Ietta,Ardenia.Ietta@yopmail.com,HR,1394236158,Chaguanas
372,Cristabel,Cullin,Cristabel.Cullin@yopmail.com,HR,7702356526,Hamburg
373,Jorry,Khorma,Jorry.Khorma@yopmail.com,IT,2375694166,Melbourne
374,Layla,Maples,Layla.Maples@yopmail.com,FINANCE,8170553096,Bangalore
375,Layla,O'Rourke,Layla.O'Rourke@yopmail.com,FINANCE,3957071748,Barranquilla
376,Ofilia,Cordi,Ofilia.Cordi@yopmail.com,FINANCE,5274598301,Basse-Terre
377,Daphne,Amadas,Daphne.Amadas@yopmail.com,IT,3241362390,Cleveland
378,Janey,Astra,Janey.Astra@yopmail.com,IT,7277207601,Düsseldorf
379,Miquela,Sharl,Miquela.Sharl@yopmail.com,DATA ENGINEERING,2594734984,Ambon
380,Zia,Pelagias,Zia.Pelagias@yopmail.com,DATA ENGINEERING,3779881239,Winnipeg
381,Theodora,Federica,Theodora.Federica@yopmail.com,SALES,6629791506,Karachi
382,Marsiella,Aldric,Marsiella.Aldric@yopmail.com,DATA ENGINEERING,4659019926,Hai Phong
383,Melodie,Mathilde,Melodie.Mathilde@yopmail.com,HR,9739992844,Vaduz
384,Yvonne,Gusella,Yvonne.Gusella@yopmail.com,HR,5789748692,Vaduz
385,Mara,Merell,Mara.Merell@yopmail.com,SALES,7513776423,Douala
386,Britni,Torray,Britni.Torray@yopmail.com,HR,4829511186,Rawalpindi
387,Chastity,Wallis,Chastity.Wallis@yopmail.com,SALES,5736511917,Albuquerque
388,Ilse,Cyrie,Ilse.Cyrie@yopmail.com,FINANCE,6649880464,Kyoto
389,Frances,Rillings,Frances.Rillings@yopmail.com,SALES,8482258180,Medina
390,Daryl,Vorster,Daryl.Vorster@yopmail.com,DATA ENGINEERING,8011320517,Nouakchott
391,Lauryn,Nadia,Lauryn.Nadia@yopmail.com,HR,4695563016,Apia
392,Celestyna,Atonsah,Celestyna.Atonsah@yopmail.com,IT,2802167538,Vaduz
393,Madalyn,Stelle,Madalyn.Stelle@yopmail.com,HR,7971983416,Aberdeen
394,Shaylyn,Kunin,Shaylyn.Kunin@yopmail.com,IT,3472285386,Dalian
395,Jasmina,Stilwell,Jasmina.Stilwell@yopmail.com,DATA ENGINEERING,8522985111,Doha
396,Gerrie,Shama,Gerrie.Shama@yopmail.com,IT,5013602172,Amman
397,Tarra,Arley,Tarra.Arley@yopmail.com,SALES,6794857447,Doha
398,Max,Melan,Max.Melan@yopmail.com,DATA ENGINEERING,8390026148,Weno
399,Paulita,Waite,Paulita.Waite@yopmail.com,IT,3456701369,Dakar
400,Grier,Randene,Grier.Randene@yopmail.com,HR,7331705847,Mexicali
401,Maryellen,Hebner,Maryellen.Hebner@yopmail.com,HR,9604052105,Charlottetown
402,Althea,Wareing,Althea.Wareing@yopmail.com,HR,4811732408,Calama
403,Aaren,Maurine,Aaren.Maurine@yopmail.com,IT,5626949726,Greenwich
404,Flo,Sundin,Flo.Sundin@yopmail.com,IT,1194665582,Ushuaia
405,Daryl,Engdahl,Daryl.Engdahl@yopmail.com,IT,3712029831,Iloilo City
406,Delilah,Delila,Delilah.Delila@yopmail.com,IT,4318682669,Malé
407,Cam,Sibyls,Cam.Sibyls@yopmail.com,IT,1305018773,Tel Aviv
408,Kalina,Esmaria,Kalina.Esmaria@yopmail.com,FINANCE,4399379274,Tórshavn
409,Constance,Buffum,Constance.Buffum@yopmail.com,IT,4795902064,Taichung
410,Lenna,Shanley,Lenna.Shanley@yopmail.com,SALES,5745550262,Panama City
411,Tatiania,Leonard,Tatiania.Leonard@yopmail.com,IT,7997949089,Nantes
412,Raina,Saree,Raina.Saree@yopmail.com,SALES,6136825163,Macau
413,Augustine,Kathie,Augustine.Kathie@yopmail.com,HR,7142997314,Astana
414,Cissiee,Jarib,Cissiee.Jarib@yopmail.com,IT,8645374585,Lahore
415,Selia,Percy,Selia.Percy@yopmail.com,IT,4364832775,Cleveland
416,Blondelle,Screens,Blondelle.Screens@yopmail.com,SALES,8773397004,Cairo
417,Donetta,Slifka,Donetta.Slifka@yopmail.com,DATA ENGINEERING,3620300048,Cleveland
418,Merrie,Bach,Merrie.Bach@yopmail.com,HR,6604331050,Santiago de Cuba
419,Marika,Leler,Marika.Leler@yopmail.com,HR,3672186584,Fort-de-France
420,Ursulina,Helfand,Ursulina.Helfand@yopmail.com,SALES,5544895027,Pekanbaru
421,Maryellen,Shanley,Maryellen.Shanley@yopmail.com,IT,5403863676,Macau
422,Renie,Amasa,Renie.Amasa@yopmail.com,FINANCE,6314702192,Hamburg
423,Viki,Sandye,Viki.Sandye@yopmail.com,HR,3524305562,Balikpapan
424,Kial,Bearnard,Kial.Bearnard@yopmail.com,FINANCE,6531744667,Beirut
425,Tamqrah,Charity,Tamqrah.Charity@yopmail.com,DATA ENGINEERING,4777152445,Omdurman
426,Charissa,Elsinore,Charissa.Elsinore@yopmail.com,SALES,6581891409,Zamboanga City
427,Edith,Stilwell,Edith.Stilwell@yopmail.com,SALES,5200475149,Cairns
428,Taffy,Lumbard,Taffy.Lumbard@yopmail.com,IT,5869706574,Kolkata
429,Dominga,Hubert,Dominga.Hubert@yopmail.com,FINANCE,6824819854,Moroni
430,Kaia,Kiersten,Kaia.Kiersten@yopmail.com,FINANCE,1515490509,Charlotte
431,Minda,Brieta,Minda.Brieta@yopmail.com,HR,3554612804,Edmonton
432,Lucy,Suzetta,Lucy.Suzetta@yopmail.com,FINANCE,5549067227,Iquitos
433,Eadie,Roumell,Eadie.Roumell@yopmail.com,FINANCE,4964441112,Fortaleza
434,Aeriela,Torray,Aeriela.Torray@yopmail.com,FINANCE,8878869947,Bujumbura
435,Ellette,Concha,Ellette.Concha@yopmail.com,HR,2609569082,Bogotá
436,Albertina,Corabella,Albertina.Corabella@yopmail.com,HR,6944364282,Kabul
437,Sophia,Schalles,Sophia.Schalles@yopmail.com,SALES,4059419752,Buffalo
438,Cordi,Kellby,Cordi.Kellby@yopmail.com,HR,5172541364,Norilsk
439,Chloris,Donell,Chloris.Donell@yopmail.com,FINANCE,3627033171,Kota Kinabalu
440,Gwenneth,Adamsen,Gwenneth.Adamsen@yopmail.com,SALES,3067888176,Tucson
441,Chloris,Kamaria,Chloris.Kamaria@yopmail.com,IT,5413999664,Samara
442,Aurore,Guthrie,Aurore.Guthrie@yopmail.com,SALES,8170735413,Angra do Heroísmo
443,Daryl,Decato,Daryl.Decato@yopmail.com,DATA ENGINEERING,4418079635,Port Moresby
444,Annaliese,Bettine,Annaliese.Bettine@yopmail.com,DATA ENGINEERING,4636541396,Multan
445,Lita,Rese,Lita.Rese@yopmail.com,FINANCE,4142703293,Seoul
446,Ardenia,Wenoa,Ardenia.Wenoa@yopmail.com,HR,1705501071,Jakarta
447,Cherilyn,Allys,Cherilyn.Allys@yopmail.com,SALES,1582147742,Davao City
448,Ariela,Cosenza,Ariela.Cosenza@yopmail.com,SALES,5128798177,Lviv
449,Tersina,Angelis,Tersina.Angelis@yopmail.com,FINANCE,3295064134,Odessa
450,Britte,Japeth,Britte.Japeth@yopmail.com,SALES,2706768234,Murmansk
451,Lolita,Hylan,Lolita.Hylan@yopmail.com,HR,5263001152,Valencia
452,Melina,Clarissa,Melina.Clarissa@yopmail.com,DATA ENGINEERING,6227038591,Phuket (city)
453,Marinna,Lytton,Marinna.Lytton@yopmail.com,FINANCE,1625500641,Tiraspol
454,Margalo,Nadia,Margalo.Nadia@yopmail.com,HR,5850633876,Surabaya
455,Rebeca,Thomasina,Rebeca.Thomasina@yopmail.com,HR,8513675280,Madrid
456,Ashlee,Pillsbury,Ashlee.Pillsbury@yopmail.com,FINANCE,4155095417,Winnipeg
457,Michaelina,Azeria,Michaelina.Azeria@yopmail.com,DATA ENGINEERING,7096669332,Chicago
458,Luci,Mozelle,Luci.Mozelle@yopmail.com,DATA ENGINEERING,7466833925,Pyongyang
459,Elora,Nance,Elora.Nance@yopmail.com,FINANCE,9804175672,Handan
460,Madeleine,Rebecka,Madeleine.Rebecka@yopmail.com,IT,9350525490,Concepción
461,Pierette,Terencio,Pierette.Terencio@yopmail.com,HR,9481845410,Timbuktu
462,Sadie,Gladstone,Sadie.Gladstone@yopmail.com,IT,6061426413,Castries
463,Danika,Kenney,Danika.Kenney@yopmail.com,FINANCE,7509533260,Valencia
464,Lolita,Revkah,Lolita.Revkah@yopmail.com,DATA ENGINEERING,3101653951,Tripoli
465,Jenda,Ferino,Jenda.Ferino@yopmail.com,FINANCE,3471022487,Tampa
466,Donetta,Garrison,Donetta.Garrison@yopmail.com,DATA ENGINEERING,9400505316,Johor Bahru
467,Hollie,Aldric,Hollie.Aldric@yopmail.com,HR,6475315053,Tegucigalpa
468,Fina,Chesna,Fina.Chesna@yopmail.com,FINANCE,3284903737,Leeds
469,Celestyna,Bonilla,Celestyna.Bonilla@yopmail.com,FINANCE,3798229259,Marseille
470,Nita,Arne,Nita.Arne@yopmail.com,DATA ENGINEERING,7520210371,Pretoria
471,Ricky,Colyer,Ricky.Colyer@yopmail.com,IT,4721429071,Cologne
472,Roberta,Munn,Roberta.Munn@yopmail.com,HR,7181637142,London
473,Binny,Janith,Binny.Janith@yopmail.com,DATA ENGINEERING,5633933176,Seville
474,Susan,Girardo,Susan.Girardo@yopmail.com,HR,1639577806,Saipan
475,Selia,Linehan,Selia.Linehan@yopmail.com,HR,4697411341,The Valley
476,Elora,Grosz,Elora.Grosz@yopmail.com,SALES,2601249088,Casablanca
477,Mignon,Masao,Mignon.Masao@yopmail.com,DATA ENGINEERING,9413510017,Athens
478,Dorice,Oster,Dorice.Oster@yopmail.com,IT,5194750908,Ndola
479,Christal,Tryck,Christal.Tryck@yopmail.com,DATA ENGINEERING,1942738288,Charlotte
480,Ardeen,Wilona,Ardeen.Wilona@yopmail.com,IT,2000472146,Karachi
481,Kerrin,Sisile,Kerrin.Sisile@yopmail.com,IT,5480404413,Nuuk
482,Edee,Dreda,Edee.Dreda@yopmail.com,SALES,2634710174,İzmir
483,Margalo,Daegal,Margalo.Daegal@yopmail.com,DATA ENGINEERING,8045804358,Kaohsiung
484,Ronna,Wildermuth,Ronna.Wildermuth@yopmail.com,SALES,4899769770,Suez
485,Consuela,Mendez,Consuela.Mendez@yopmail.com,IT,3378657294,Lusaka
486,Netty,Astra,Netty.Astra@yopmail.com,HR,9035413079,Murmansk
487,Noelle,Milde,Noelle.Milde@yopmail.com,HR,6680184756,Gibraltar
488,Alameda,Noman,Alameda.Noman@yopmail.com,IT,7716035972,Guatemala City
489,Mureil,Tillford,Mureil.Tillford@yopmail.com,HR,6037172949,Podgorica
490,Marti,Lindemann,Marti.Lindemann@yopmail.com,IT,2870859487,Tabriz
491,Jany,Hedve,Jany.Hedve@yopmail.com,DATA ENGINEERING,3525616074,Libreville
492,Chastity,Stav,Chastity.Stav@yopmail.com,SALES,3162709282,Charlottetown
493,Morganica,Neils,Morganica.Neils@yopmail.com,DATA ENGINEERING,4027822693,Faisalabad
494,Reeba,Wilona,Reeba.Wilona@yopmail.com,FINANCE,5264054389,Pyongyang
495,Nonnah,Maples,Nonnah.Maples@yopmail.com,SALES,3625397958,Thiès
496,Tiffie,Giule,Tiffie.Giule@yopmail.com,IT,8224125456,Pittsburgh
497,Tina,Bethany,Tina.Bethany@yopmail.com,FINANCE,1934669662,Belfast
498,Silvana,Seumas,Silvana.Seumas@yopmail.com,SALES,7247816970,Hagåtña
499,Bibby,Hoban,Bibby.Hoban@yopmail.com,IT,7241627958,Castries
500,Selia,Hedve,Selia.Hedve@yopmail.com,IT,8255759035,Shigatse
501,Felice,Abram,Felice.Abram@yopmail.com,SALES,4554777056,Bilbao
502,Valeda,Jethro,Valeda.Jethro@yopmail.com,SALES,1763110285,Siem Reap
503,Margalo,Barbey,Margalo.Barbey@yopmail.com,IT,1224025748,Singapore
504,Regina,Juan,Regina.Juan@yopmail.com,IT,1963055213,Simferopol
505,Anthia,Connelly,Anthia.Connelly@yopmail.com,IT,6857351611,San Antonio
506,Lily,Merna,Lily.Merna@yopmail.com,IT,7945370809,Canberra
507,Carmela,Revkah,Carmela.Revkah@yopmail.com,DATA ENGINEERING,9507652252,Denver
508,Hayley,Danby,Hayley.Danby@yopmail.com,IT,9568429582,Djibouti (city)
509,Daune,Mathilde,Daune.Mathilde@yopmail.com,HR,3428323437,Belfast
510,Dale,Stoller,Dale.Stoller@yopmail.com,FINANCE,9863335957,Zhengzhou
511,Rozele,Koehler,Rozele.Koehler@yopmail.com,FINANCE,4281346916,Shijiazhuang
512,Chastity,Brieta,Chastity.Brieta@yopmail.com,DATA ENGINEERING,7979224353,Ipoh
513,Livvyy,O'Carroll,Livvyy.O'Carroll@yopmail.com,FINANCE,4128178526,Brasília
514,Zondra,Pip,Zondra.Pip@yopmail.com,DATA ENGINEERING,3512789456,Toulouse
515,Ilse,Zenas,Ilse.Zenas@yopmail.com,HR,2606146497,Málaga
516,Lelah,Nerita,Lelah.Nerita@yopmail.com,HR,2540788120,Petropavlovsk-Kamchatsky
517,Shannah,Yuille,Shannah.Yuille@yopmail.com,HR,2305837503,Antananarivo
518,Lucy,Florina,Lucy.Florina@yopmail.com,IT,1246461840,Ciudad del Este
519,Carly,Pip,Carly.Pip@yopmail.com,DATA ENGINEERING,8756227982,Beijing
520,Angela,Vanni,Angela.Vanni@yopmail.com,IT,7778518167,Hiroshima
521,Gisela,Gualtiero,Gisela.Gualtiero@yopmail.com,IT,7585164046,San Antonio
522,Roseline,Docilla,Roseline.Docilla@yopmail.com,SALES,5460571055,Ankara
523,Pamella,Magnolia,Pamella.Magnolia@yopmail.com,IT,2697286142,Düsseldorf
524,Danika,Hepsibah,Danika.Hepsibah@yopmail.com,IT,1778815657,Tamale
525,Berget,Goddard,Berget.Goddard@yopmail.com,SALES,3663010248,Nukus
526,Violet,Bivins,Violet.Bivins@yopmail.com,DATA ENGINEERING,2185031635,Sitka
527,Melisent,Selway,Melisent.Selway@yopmail.com,SALES,3170166514,Makati City
528,Norine,Colbert,Norine.Colbert@yopmail.com,IT,9795723120,Gangtok
529,Augustine,Alcott,Augustine.Alcott@yopmail.com,HR,5701159034,N'Djamena
530,Ada,Cimbura,Ada.Cimbura@yopmail.com,HR,1480239824,Sitka
531,Brynna,Bollay,Brynna.Bollay@yopmail.com,HR,4294315373,Tartu
532,Ninnetta,Georas,Ninnetta.Georas@yopmail.com,HR,6367562766,Vienna
533,Jordan,Othilia,Jordan.Othilia@yopmail.com,SALES,7364364762,Chicago
534,Micheline,Dorothy,Micheline.Dorothy@yopmail.com,FINANCE,7542934705,Cardiff
535,Addia,Janene,Addia.Janene@yopmail.com,HR,8145861344,Osaka
536,Dorothy,Land,Dorothy.Land@yopmail.com,FINANCE,6866786961,Valdivia
537,Ketti,Pierette,Ketti.Pierette@yopmail.com,DATA ENGINEERING,8748230153,Bangkok
538,Elmira,Soneson,Elmira.Soneson@yopmail.com,DATA ENGINEERING,1599195288,Ljubljana
539,Mathilda,Erich,Mathilda.Erich@yopmail.com,DATA ENGINEERING,8695383377,Rawalpindi
540,Lizzie,Burch,Lizzie.Burch@yopmail.com,IT,8963943236,Valencia
541,Lory,Weide,Lory.Weide@yopmail.com,IT,9260771487,Belmopan
542,Dennie,Bennie,Dennie.Bennie@yopmail.com,DATA ENGINEERING,8883346459,Bloemfontein
543,Sean,Bahr,Sean.Bahr@yopmail.com,DATA ENGINEERING,1617144949,Chennai
544,Tressa,Whiffen,Tressa.Whiffen@yopmail.com,HR,2947792040,Budapest
545,Shaylyn,Brady,Shaylyn.Brady@yopmail.com,SALES,4025587325,Brazzaville
546,Vinita,Waldron,Vinita.Waldron@yopmail.com,FINANCE,1013023437,Munich
547,Judy,Chaing,Judy.Chaing@yopmail.com,FINANCE,8923901923,Xining
548,Viki,Nester,Viki.Nester@yopmail.com,SALES,2839630989,Labasa
549,Mahalia,Keily,Mahalia.Keily@yopmail.com,HR,5842493901,Perth
550,Fredericka,Belanger,Fredericka.Belanger@yopmail.com,IT,3229538940,Darwin
551,Glenda,Prouty,Glenda.Prouty@yopmail.com,FINANCE,5148223714,Fairbanks
552,Sadie,Joli,Sadie.Joli@yopmail.com,SALES,6776331615,Enugu
553,Georgina,O'Neill,Georgina.O'Neill@yopmail.com,IT,8146658414,Nagpur
554,Hollie,Wolfgram,Hollie.Wolfgram@yopmail.com,HR,1885392633,Siem Reap
555,Jacquetta,Maxi,Jacquetta.Maxi@yopmail.com,FINANCE,6968016623,Gothenburg
556,Mallory,Bartlett,Mallory.Bartlett@yopmail.com,IT,9087629851,Cusco
557,Agnese,Lymann,Agnese.Lymann@yopmail.com,SALES,4332987129,Belmopan
558,Farrah,Fax,Farrah.Fax@yopmail.com,FINANCE,6154495344,Koror
559,Kirstin,Pauly,Kirstin.Pauly@yopmail.com,DATA ENGINEERING,8992446429,Chennai
560,Peri,Hubert,Peri.Hubert@yopmail.com,IT,8411952874,Abu Dhabi
561,Nananne,Gherardo,Nananne.Gherardo@yopmail.com,FINANCE,3883823427,Avarua
562,Gretal,Lilybelle,Gretal.Lilybelle@yopmail.com,FINANCE,7494248757,Dunedin
563,Estell,Jacobah,Estell.Jacobah@yopmail.com,DATA ENGINEERING,4652242442,Jakarta
564,Feliza,McCutcheon,Feliza.McCutcheon@yopmail.com,SALES,1025691384,Malacca Town
565,Nataline,Fredi,Nataline.Fredi@yopmail.com,SALES,5550931996,St. Louis
566,Aeriela,Imelida,Aeriela.Imelida@yopmail.com,SALES,9121619064,Kansas City
567,Belinda,Cherianne,Belinda.Cherianne@yopmail.com,DATA ENGINEERING,4160638865,Vientiane
568,Lolita,Septima,Lolita.Septima@yopmail.com,FINANCE,8043167957,Semarang
569,Imojean,Sundin,Imojean.Sundin@yopmail.com,IT,5542289934,Perm
570,Siana,Tacye,Siana.Tacye@yopmail.com,IT,8776579473,Seville
571,Fernande,Timon,Fernande.Timon@yopmail.com,FINANCE,9486197509,Athens
572,Lisette,Cookie,Lisette.Cookie@yopmail.com,DATA ENGINEERING,4977437216,Dededo
573,Meghann,Jorgan,Meghann.Jorgan@yopmail.com,HR,4857834417,Tianjin
574,Jaclyn,Nikaniki,Jaclyn.Nikaniki@yopmail.com,DATA ENGINEERING,1791306064,Magadan
575,Winny,Blisse,Winny.Blisse@yopmail.com,IT,3961549121,Alor Star
576,Sue,Drisko,Sue.Drisko@yopmail.com,DATA ENGINEERING,8396318496,Veracruz
577,Rosabelle,Brotherson,Rosabelle.Brotherson@yopmail.com,IT,7274994847,Magadan
578,Beth,Bollay,Beth.Bollay@yopmail.com,FINANCE,6728277986,Regina
579,Nessie,Wiener,Nessie.Wiener@yopmail.com,IT,2925941483,Kandy
580,Gaylene,Colyer,Gaylene.Colyer@yopmail.com,DATA ENGINEERING,8181076633,Sri Jayawardenapura-Kotte
581,Babita,Fontana,Babita.Fontana@yopmail.com,HR,3796077286,Jersey City
582,Gale,Karl,Gale.Karl@yopmail.com,IT,3855374242,Ushuaia
583,Pamella,Jefferey,Pamella.Jefferey@yopmail.com,IT,4376269113,Mandurah
584,Isa,Shama,Isa.Shama@yopmail.com,FINANCE,2867275874,Caracas
585,Brandise,Means,Brandise.Means@yopmail.com,DATA ENGINEERING,9784615178,Abuja
586,Sarette,Sharl,Sarette.Sharl@yopmail.com,FINANCE,7289810042,Kaohsiung
587,Ruthe,Yorick,Ruthe.Yorick@yopmail.com,DATA ENGINEERING,5949060105,Tel Aviv
588,Jorry,Penelopa,Jorry.Penelopa@yopmail.com,SALES,6192743172,Dibrugarh
589,Jessamyn,Monaco,Jessamyn.Monaco@yopmail.com,DATA ENGINEERING,1496155251,Christchurch
590,Melodie,Socha,Melodie.Socha@yopmail.com,IT,6734259576,Agartala
591,Alexine,Miru,Alexine.Miru@yopmail.com,FINANCE,5944719823,Los Angeles
592,Rosanne,Odysseus,Rosanne.Odysseus@yopmail.com,HR,2548285941,Bursa
593,Jemie,Marden,Jemie.Marden@yopmail.com,DATA ENGINEERING,9471745254,Lomé
594,Sidoney,Natica,Sidoney.Natica@yopmail.com,SALES,7864804829,Austin
595,Wileen,Sancho,Wileen.Sancho@yopmail.com,DATA ENGINEERING,6021766003,Pristina
596,Lisette,Medrek,Lisette.Medrek@yopmail.com,DATA ENGINEERING,4141160126,Samara
597,Dacia,Pauly,Dacia.Pauly@yopmail.com,DATA ENGINEERING,6655792918,Timbuktu
598,Darlleen,Carleen,Darlleen.Carleen@yopmail.com,IT,9177077620,Riyadh
599,Riannon,Pozzy,Riannon.Pozzy@yopmail.com,DATA ENGINEERING,1562014005,Kigali
600,Kamilah,Peti,Kamilah.Peti@yopmail.com,SALES,2532123174,Cusco
601,Kore,Maryanne,Kore.Maryanne@yopmail.com,HR,3411317911,Calgary
602,Sarette,Thunell,Sarette.Thunell@yopmail.com,HR,5899344509,Luxor
603,Georgetta,Woodberry,Georgetta.Woodberry@yopmail.com,SALES,7572281387,Iqaluit
604,Ricky,Charity,Ricky.Charity@yopmail.com,IT,1583936374,Brasília
605,Bill,Killigrew,Bill.Killigrew@yopmail.com,HR,8942261907,Palembang
606,Shirlee,Emmaline,Shirlee.Emmaline@yopmail.com,IT,7375181154,Tripoli
607,Sharlene,Cristi,Sharlene.Cristi@yopmail.com,FINANCE,1622413543,Valparaíso
608,Jan,Candy,Jan.Candy@yopmail.com,SALES,5002489335,The Hague
609,Arlina,Judye,Arlina.Judye@yopmail.com,FINANCE,5132867401,Leipzig
610,Gale,Bonucci,Gale.Bonucci@yopmail.com,IT,5376578362,Medina
611,Tiffie,Idelia,Tiffie.Idelia@yopmail.com,HR,7162259974,Edinburgh
612,Kathi,Ade,Kathi.Ade@yopmail.com,SALES,8336174054,Beirut
613,Karlee,Payson,Karlee.Payson@yopmail.com,DATA ENGINEERING,6203855477,Nakhon Ratchasima
614,Christy,Skell,Christy.Skell@yopmail.com,HR,7649694441,Vladivostok
615,Catharine,Sekofski,Catharine.Sekofski@yopmail.com,DATA ENGINEERING,4013412451,Tampa
616,Lelah,Cornelia,Lelah.Cornelia@yopmail.com,IT,5939023472,Brisbane
617,Madelle,Cressida,Madelle.Cressida@yopmail.com,HR,9938647244,Kinshasa
618,Margalo,Zitvaa,Margalo.Zitvaa@yopmail.com,DATA ENGINEERING,7546214141,Arequipa
619,Vivia,Corabella,Vivia.Corabella@yopmail.com,HR,6314668022,Port Said
620,Cissiee,Imelida,Cissiee.Imelida@yopmail.com,DATA ENGINEERING,8461434389,Tegucigalpa
621,Leia,Payson,Leia.Payson@yopmail.com,FINANCE,1101255519,Jinan
622,Frances,Meli,Frances.Meli@yopmail.com,FINANCE,2241357819,Indianapolis
623,Mildrid,Azeria,Mildrid.Azeria@yopmail.com,IT,7010794207,Hanoi
624,Ericka,Melleta,Ericka.Melleta@yopmail.com,IT,1749920518,Tskhinvali
625,Donnie,Kiersten,Donnie.Kiersten@yopmail.com,DATA ENGINEERING,9237552551,Cork (city)
626,Jaime,Imelida,Jaime.Imelida@yopmail.com,SALES,9432054586,N'Djamena
627,Andeee,Maurine,Andeee.Maurine@yopmail.com,IT,7374593940,Maceió
628,Addia,Deny,Addia.Deny@yopmail.com,SALES,7247171557,Pontianak
629,Lauryn,Zola,Lauryn.Zola@yopmail.com,DATA ENGINEERING,1331783567,San Antonio
630,Kelly,Trey,Kelly.Trey@yopmail.com,DATA ENGINEERING,6568287738,Ulan Bator
631,Celestyna,Astra,Celestyna.Astra@yopmail.com,DATA ENGINEERING,8353847749,El Aaiún
632,Janeczka,Nahum,Janeczka.Nahum@yopmail.com,HR,1229404111,The Valley
633,Claresta,Jaylene,Claresta.Jaylene@yopmail.com,FINANCE,4734864200,Lomé
634,Priscilla,Winthorpe,Priscilla.Winthorpe@yopmail.com,SALES,2079232478,City of Halifax
635,Cissiee,Teddman,Cissiee.Teddman@yopmail.com,SALES,8676639794,Malmö
636,Dorice,Chrystel,Dorice.Chrystel@yopmail.com,FINANCE,8761514448,Dubai
637,Harrietta,Bevin,Harrietta.Bevin@yopmail.com,IT,4662020539,Quetzaltenango
638,Annora,Ciapas,Annora.Ciapas@yopmail.com,SALES,6913030269,Raleigh
639,Meghann,Ursulette,Meghann.Ursulette@yopmail.com,SALES,6107849004,Kota Kinabalu
640,Lily,Sikorski,Lily.Sikorski@yopmail.com,SALES,7662546562,Lahore
641,Renie,Melan,Renie.Melan@yopmail.com,DATA ENGINEERING,9919311974,Luxembourg (city)
642,Ingrid,Toor,Ingrid.Toor@yopmail.com,FINANCE,8905909249,Aarhus
643,Nonnah,Posner,Nonnah.Posner@yopmail.com,IT,5537053863,Livingstone
644,Fanny,Cressida,Fanny.Cressida@yopmail.com,IT,9677915040,Monaco
645,Belinda,Chinua,Belinda.Chinua@yopmail.com,HR,9780128630,Denver
646,Elsie,Ricki,Elsie.Ricki@yopmail.com,FINANCE,8992166856,Xining
647,Violet,Tamsky,Violet.Tamsky@yopmail.com,DATA ENGINEERING,1104266446,Brussels
648,Brynna,Tremayne,Brynna.Tremayne@yopmail.com,DATA ENGINEERING,5917849162,Philadelphia
649,Michaelina,Anestassia,Michaelina.Anestassia@yopmail.com,HR,9088034338,Yamoussoukro
650,Leanna,Forrer,Leanna.Forrer@yopmail.com,FINANCE,1226317650,Bissau
651,Iseabal,Taam,Iseabal.Taam@yopmail.com,FINANCE,4751899784,Nakhon Ratchasima
652,Ida,Atonsah,Ida.Atonsah@yopmail.com,HR,9739226055,Multan
653,Gaylene,Helve,Gaylene.Helve@yopmail.com,HR,2427274236,St. John's
654,Valera,Chabot,Valera.Chabot@yopmail.com,DATA ENGINEERING,6622640732,Manama
655,Ariela,Iiette,Ariela.Iiette@yopmail.com,HR,1741915228,Minsk
656,Dorene,Vilma,Dorene.Vilma@yopmail.com,DATA ENGINEERING,5599326021,Riverside
657,Vanessa,Bury,Vanessa.Bury@yopmail.com,FINANCE,6459054166,Porto-Novo
658,Brooks,Macey,Brooks.Macey@yopmail.com,HR,7692872172,Hamburg
659,Kirbee,Birdella,Kirbee.Birdella@yopmail.com,SALES,6455410001,Antofagasta
660,Brianna,Belanger,Brianna.Belanger@yopmail.com,SALES,2655480855,Surat Thani
661,Ida,Clara,Ida.Clara@yopmail.com,SALES,4284474987,Montevideo
662,Cordi,Zitvaa,Cordi.Zitvaa@yopmail.com,IT,6739329575,Virginia Beach
663,Tatiania,Pip,Tatiania.Pip@yopmail.com,HR,2914044020,El Aaiún
664,Lorne,Scammon,Lorne.Scammon@yopmail.com,FINANCE,1264886134,Shigatse
665,Sadie,Bearnard,Sadie.Bearnard@yopmail.com,IT,8014689498,Port of Spain
666,Wileen,Yuille,Wileen.Yuille@yopmail.com,SALES,9320918421,Chengdu
667,Shel,Hylan,Shel.Hylan@yopmail.com,DATA ENGINEERING,9259219602,Liverpool
668,Ariela,Edvard,Ariela.Edvard@yopmail.com,HR,3198551463,Lilongwe
669,Ardenia,Gahl,Ardenia.Gahl@yopmail.com,IT,1032465953,Recife
670,Ana,Merna,Ana.Merna@yopmail.com,IT,4940461944,San Salvador
671,Lisette,Ader,Lisette.Ader@yopmail.com,DATA ENGINEERING,4735376203,Abuja
672,Britte,Bigner,Britte.Bigner@yopmail.com,HR,4043782732,Birmingham
673,Vanessa,Jehu,Vanessa.Jehu@yopmail.com,FINANCE,6017012417,Milan
674,Sharlene,Kress,Sharlene.Kress@yopmail.com,DATA ENGINEERING,2992887324,Koulikoro
675,Stacey,Janene,Stacey.Janene@yopmail.com,SALES,3178713451,Shijiazhuang
676,Genevra,Minetta,Genevra.Minetta@yopmail.com,FINANCE,2418941590,Cardiff
677,Xylina,Borrell,Xylina.Borrell@yopmail.com,SALES,3069569065,Abu Dhabi
678,Charmaine,Ethban,Charmaine.Ethban@yopmail.com,IT,6517828968,Riyadh
679,Carilyn,Yuille,Carilyn.Yuille@yopmail.com,SALES,3086619990,Chihuahua
680,Lanae,Carmena,Lanae.Carmena@yopmail.com,HR,9220660322,Hyderabad
681,Melanie,Nore,Melanie.Nore@yopmail.com,FINANCE,1869768387,Cusco
682,Konstance,Roxanna,Konstance.Roxanna@yopmail.com,HR,2935809060,Suva
683,Sindee,Korey,Sindee.Korey@yopmail.com,DATA ENGINEERING,3785338305,Regina
684,Elena,Croix,Elena.Croix@yopmail.com,IT,9296965487,Thimphu
685,Stevana,Carey,Stevana.Carey@yopmail.com,HR,4422610208,Athens
686,Arlina,Bettine,Arlina.Bettine@yopmail.com,DATA ENGINEERING,2769756079,Douala
687,Anallese,Boycey,Anallese.Boycey@yopmail.com,SALES,3759750993,Bogor
688,Andree,Loring,Andree.Loring@yopmail.com,FINANCE,2507834294,Leipzig
689,Jessamyn,Eno,Jessamyn.Eno@yopmail.com,IT,8086142347,Angra do Heroísmo
690,Odessa,Estella,Odessa.Estella@yopmail.com,DATA ENGINEERING,7891505274,Dhaka
691,Vonny,Forrer,Vonny.Forrer@yopmail.com,SALES,9134525157,Graz
692,Mathilda,Roumell,Mathilda.Roumell@yopmail.com,SALES,1434779308,Pontianak
693,Lorne,Muriel,Lorne.Muriel@yopmail.com,HR,3178792868,Pristina
694,Heddie,Han,Heddie.Han@yopmail.com,DATA ENGINEERING,4323994889,Khartoum
695,Celestyna,Ledah,Celestyna.Ledah@yopmail.com,DATA ENGINEERING,7015695409,Durango
696,Roz,Othilia,Roz.Othilia@yopmail.com,IT,6974232854,Bulawayo
697,Elmira,Stelle,Elmira.Stelle@yopmail.com,IT,6337761491,Abidjan
698,Tybie,Sadowski,Tybie.Sadowski@yopmail.com,DATA ENGINEERING,5429696275,Cebu City
699,Adriana,Dimitris,Adriana.Dimitris@yopmail.com,HR,2003235486,Reykjavík
700,Rani,Matthew,Rani.Matthew@yopmail.com,HR,6728456161,Minsk
701,Selia,Fry,Selia.Fry@yopmail.com,IT,2763824443,Rio Branco
702,Odessa,Haldas,Odessa.Haldas@yopmail.com,FINANCE,3644464350,Ho Chi Minh City
703,Joy,Randene,Joy.Randene@yopmail.com,SALES,8394330719,Pontianak
704,Jobi,Wallis,Jobi.Wallis@yopmail.com,IT,5530042555,Roseau
705,Elmira,Delp,Elmira.Delp@yopmail.com,SALES,2667325873,Gold Coast
706,Janis,Jenness,Janis.Jenness@yopmail.com,SALES,1312748568,Jakarta
707,Shaylyn,Shaddock,Shaylyn.Shaddock@yopmail.com,DATA ENGINEERING,8076006895,Jinan
708,Justinn,Telfer,Justinn.Telfer@yopmail.com,SALES,8623479328,Paramaribo
709,Desirae,Tamsky,Desirae.Tamsky@yopmail.com,FINANCE,7261045022,Dublin
710,Kristan,Revkah,Kristan.Revkah@yopmail.com,SALES,3290594608,Rio Branco
711,Darci,Faso,Darci.Faso@yopmail.com,HR,1164556992,Charlottetown
712,Shel,Nedrud,Shel.Nedrud@yopmail.com,HR,7083988007,Nashville
713,Gerianna,Dichy,Gerianna.Dichy@yopmail.com,IT,3885795219,Yangon
714,Brandise,Mich,Brandise.Mich@yopmail.com,DATA ENGINEERING,3410097757,Hamburg
715,Nikki,Pacorro,Nikki.Pacorro@yopmail.com,FINANCE,8038088900,Iqaluit
716,Queenie,Darrell,Queenie.Darrell@yopmail.com,SALES,3953978232,Samara
717,Giustina,Louanna,Giustina.Louanna@yopmail.com,SALES,5688425952,Baku
718,Wilma,Marijo,Wilma.Marijo@yopmail.com,IT,9594719358,New York City
719,Jany,Faso,Jany.Faso@yopmail.com,SALES,4847732504,Durango
720,Nonnah,Edmund,Nonnah.Edmund@yopmail.com,FINANCE,5230441216,Vatican City
721,Stephanie,Olnee,Stephanie.Olnee@yopmail.com,SALES,4785187423,Córdoba
722,Dolli,Mata,Dolli.Mata@yopmail.com,DATA ENGINEERING,1584315820,Taiyuan
723,Arlina,Euridice,Arlina.Euridice@yopmail.com,DATA ENGINEERING,5426975373,Rockhampton
724,Konstance,Stacy,Konstance.Stacy@yopmail.com,SALES,9688491514,Mashhad
725,Mara,Bow,Mara.Bow@yopmail.com,DATA ENGINEERING,4657198827,Serekunda
726,Gianina,Ranjiv,Gianina.Ranjiv@yopmail.com,IT,4440067507,Providence
727,Sheelagh,Leopold,Sheelagh.Leopold@yopmail.com,DATA ENGINEERING,1571058598,Dalian
728,Susette,Constancy,Susette.Constancy@yopmail.com,SALES,6991365387,Lobamba
729,Sabina,Weaks,Sabina.Weaks@yopmail.com,IT,2542667644,Bilbao
730,Marcelline,Roscoe,Marcelline.Roscoe@yopmail.com,DATA ENGINEERING,8893913562,St. Louis
731,Gwenneth,Lilybelle,Gwenneth.Lilybelle@yopmail.com,SALES,4617663057,Almaty
732,Luci,Hylan,Luci.Hylan@yopmail.com,DATA ENGINEERING,2935213551,Lisbon
733,Albertina,Khorma,Albertina.Khorma@yopmail.com,IT,8930650489,Almaty
734,Allyce,Ellerey,Allyce.Ellerey@yopmail.com,FINANCE,6456574871,Brasília
735,Dari,Eachern,Dari.Eachern@yopmail.com,HR,5799101279,Murmansk
736,Priscilla,Adalbert,Priscilla.Adalbert@yopmail.com,HR,7866855104,Astana
737,Barbi,Buckler,Barbi.Buckler@yopmail.com,FINANCE,8806173872,Lobamba
738,Dawn,Rugen,Dawn.Rugen@yopmail.com,IT,6996524828,Fortaleza
739,Chere,Pearse,Chere.Pearse@yopmail.com,DATA ENGINEERING,8725553168,Luanda
740,Tierney,Georas,Tierney.Georas@yopmail.com,DATA ENGINEERING,9279248195,Dili
741,Valeda,Longfellow,Valeda.Longfellow@yopmail.com,DATA ENGINEERING,7157492305,Yaren District
742,Aaren,Hoban,Aaren.Hoban@yopmail.com,IT,9977966565,Dammam
743,Adore,Lory,Adore.Lory@yopmail.com,HR,2893808636,Las Vegas
744,Gretal,Dreda,Gretal.Dreda@yopmail.com,SALES,1201737324,Karachi
745,Katleen,Kellby,Katleen.Kellby@yopmail.com,DATA ENGINEERING,2597726469,Austin
746,Lauryn,Annabella,Lauryn.Annabella@yopmail.com,FINANCE,1881675229,Providence
747,Ketti,Milson,Ketti.Milson@yopmail.com,HR,5013118959,Ankara
748,Marcy,Barbey,Marcy.Barbey@yopmail.com,DATA ENGINEERING,3595505784,Valencia
749,Millie,Zola,Millie.Zola@yopmail.com,SALES,2280659642,Santa Cruz de la Sierra
750,Ingrid,Lumbard,Ingrid.Lumbard@yopmail.com,DATA ENGINEERING,5693753712,Miri
751,Hildegaard,Kazimir,Hildegaard.Kazimir@yopmail.com,SALES,6481269070,Tel Aviv
752,Deane,Tayib,Deane.Tayib@yopmail.com,SALES,8481427239,Suva
753,Kirbee,Palocz,Kirbee.Palocz@yopmail.com,DATA ENGINEERING,5089729099,Dibrugarh
754,Moyna,Halsey,Moyna.Halsey@yopmail.com,HR,6457774863,Patna
755,Goldie,Alexandr,Goldie.Alexandr@yopmail.com,SALES,1735033478,Banjul
756,Taffy,Argus,Taffy.Argus@yopmail.com,IT,4801774168,Mexicali
757,Courtnay,Garbe,Courtnay.Garbe@yopmail.com,FINANCE,5989963506,Greenwich
758,Ketti,Wooster,Ketti.Wooster@yopmail.com,HR,9728190478,Fredericton
759,Adriana,Blase,Adriana.Blase@yopmail.com,FINANCE,6702205418,Cleveland
760,Jsandye,Jorgan,Jsandye.Jorgan@yopmail.com,FINANCE,2742934317,Arbil
761,Lorenza,Alisia,Lorenza.Alisia@yopmail.com,HR,1667667967,Managua
762,Mathilda,Faust,Mathilda.Faust@yopmail.com,SALES,6380451634,Rome
763,Pierette,Fancie,Pierette.Fancie@yopmail.com,DATA ENGINEERING,3684691150,Chuí
764,Mary,Dorine,Mary.Dorine@yopmail.com,SALES,7565610804,Mersin
765,Vinita,Ogren,Vinita.Ogren@yopmail.com,IT,7359990398,Johor Bahru
766,Hildegaard,Prober,Hildegaard.Prober@yopmail.com,HR,6346724223,Freetown
767,Layla,Nickola,Layla.Nickola@yopmail.com,FINANCE,2715225314,Bamako
768,Roslyn,Caitlin,Roslyn.Caitlin@yopmail.com,SALES,1203878754,Doha
769,Regina,Ledah,Regina.Ledah@yopmail.com,HR,7677139700,Sabha
770,Jan,Dearborn,Jan.Dearborn@yopmail.com,HR,5197726018,Quetzaltenango
771,Alyda,Johnsson,Alyda.Johnsson@yopmail.com,IT,9149171978,Salt Lake City
772,Farrah,Chobot,Farrah.Chobot@yopmail.com,DATA ENGINEERING,8931405203,Dallas
773,Merry,Forrer,Merry.Forrer@yopmail.com,SALES,7519077727,Padang
774,Rivalee,Celestine,Rivalee.Celestine@yopmail.com,DATA ENGINEERING,6855833372,Detroit
775,Louella,Kamaria,Louella.Kamaria@yopmail.com,HR,3171175831,Monrovia
776,Lanna,Lea,Lanna.Lea@yopmail.com,HR,8478631076,Vilnius
777,Kaia,Viddah,Kaia.Viddah@yopmail.com,FINANCE,1478953026,Fukuoka
778,Pearline,Kiersten,Pearline.Kiersten@yopmail.com,DATA ENGINEERING,1073737333,Hong Kong
779,Joy,Valerio,Joy.Valerio@yopmail.com,IT,6633160371,Chittagong
780,Wilma,Capello,Wilma.Capello@yopmail.com,DATA ENGINEERING,1201434916,Zamboanga City
781,Hallie,Melleta,Hallie.Melleta@yopmail.com,FINANCE,6493422853,Davao City
782,Cassondra,Adlare,Cassondra.Adlare@yopmail.com,IT,1353874033,Manama
783,Paule,Chick,Paule.Chick@yopmail.com,IT,6032762178,Kaliningrad
784,Ada,Abram,Ada.Abram@yopmail.com,HR,7401038684,Recife
785,Elise,Swanhildas,Elise.Swanhildas@yopmail.com,SALES,6191705572,Havana
786,Flo,Ardra,Flo.Ardra@yopmail.com,DATA ENGINEERING,1577153372,Santo Domingo
787,Marita,Marisa,Marita.Marisa@yopmail.com,HR,2875947045,Porto-Novo
788,Neila,Weide,Neila.Weide@yopmail.com,HR,1423330829,Montreal
789,Brietta,Persse,Brietta.Persse@yopmail.com,HR,9875907491,Denpasar
790,Jorry,Screens,Jorry.Screens@yopmail.com,HR,3020942451,New York City
791,Carlie,Ellord,Carlie.Ellord@yopmail.com,FINANCE,6911461544,Innsbruck
792,Renie,Lumbard,Renie.Lumbard@yopmail.com,FINANCE,9379754638,Lyon
793,Tiffie,Martguerita,Tiffie.Martguerita@yopmail.com,SALES,9299430686,Chengdu
794,Valeda,Mata,Valeda.Mata@yopmail.com,IT,3939483197,Bahía Blanca
795,Emylee,Cassius,Emylee.Cassius@yopmail.com,FINANCE,5029738980,Ottawa
796,Layla,Myrilla,Layla.Myrilla@yopmail.com,FINANCE,9988634231,Incheon
797,Dyann,Belldas,Dyann.Belldas@yopmail.com,SALES,4525171277,Tamale
798,Mildrid,Barrus,Mildrid.Barrus@yopmail.com,FINANCE,5260827171,Boa Vista
799,Valeda,Taam,Valeda.Taam@yopmail.com,FINANCE,8372367447,Riyadh
800,Deirdre,Celestine,Deirdre.Celestine@yopmail.com,IT,7709451286,Sitka
801,Jemie,Ledah,Jemie.Ledah@yopmail.com,SALES,2282269598,Chaguanas
802,Tami,Weaks,Tami.Weaks@yopmail.com,FINANCE,5368184745,Johor Bahru
803,Cissiee,Aldric,Cissiee.Aldric@yopmail.com,SALES,9571812929,Mamoudzou
804,Jerry,Kaja,Jerry.Kaja@yopmail.com,DATA ENGINEERING,4550893816,Mandurah
805,Teddie,Rocray,Teddie.Rocray@yopmail.com,HR,2060183895,Valdivia
806,Sam,Margarete,Sam.Margarete@yopmail.com,FINANCE,1104962912,İzmir
807,Hayley,Posner,Hayley.Posner@yopmail.com,SALES,9118910132,Antofagasta
808,Katharina,Sallyann,Katharina.Sallyann@yopmail.com,IT,8255032715,Rochester
809,Caryl,Christine,Caryl.Christine@yopmail.com,FINANCE,5431165903,Astana
810,Lucille,Konyn,Lucille.Konyn@yopmail.com,IT,1949302927,Ibadan
811,Anestassia,Ortrude,Anestassia.Ortrude@yopmail.com,SALES,4824359534,Cuiabá
812,Gaylene,Papageno,Gaylene.Papageno@yopmail.com,HR,9882147661,Kinshasa
813,Cecile,Hanshaw,Cecile.Hanshaw@yopmail.com,FINANCE,2897241412,Manzini
814,Sam,Love,Sam.Love@yopmail.com,HR,6058202703,Sucre
815,Antonietta,Peti,Antonietta.Peti@yopmail.com,DATA ENGINEERING,9238264283,Rotterdam
816,Abbie,Carbo,Abbie.Carbo@yopmail.com,DATA ENGINEERING,6200033603,Yangon
817,Sindee,Jagir,Sindee.Jagir@yopmail.com,SALES,1601887606,Malé
818,Kimmy,Forrer,Kimmy.Forrer@yopmail.com,SALES,3984883658,Thessaloniki
819,Yetty,Tayib,Yetty.Tayib@yopmail.com,IT,4343924174,Nassau
820,Jinny,Marisa,Jinny.Marisa@yopmail.com,SALES,1239286994,Francistown
821,Tina,Alva,Tina.Alva@yopmail.com,FINANCE,8234716086,Minsk
822,Vere,Chaing,Vere.Chaing@yopmail.com,IT,9675119178,Albuquerque
823,Gale,Christal,Gale.Christal@yopmail.com,FINANCE,2617277521,St. George's
824,Althea,Erskine,Althea.Erskine@yopmail.com,IT,7058265023,Düsseldorf
825,Coral,Tiffa,Coral.Tiffa@yopmail.com,SALES,2534097837,Bissau
826,Wanda,Gordon,Wanda.Gordon@yopmail.com,FINANCE,8409654351,San Juan
827,Marcelline,Uund,Marcelline.Uund@yopmail.com,DATA ENGINEERING,9318391779,Lanzhou
828,Shannah,Ranjiv,Shannah.Ranjiv@yopmail.com,IT,5856328406,Palma
829,Janey,Kirbee,Janey.Kirbee@yopmail.com,SALES,7688624083,Hanover
830,Valli,Pierette,Valli.Pierette@yopmail.com,HR,6459156412,Ibiza
831,Romona,Yam,Romona.Yam@yopmail.com,HR,3924789541,Pattaya
832,Fernande,Wenoa,Fernande.Wenoa@yopmail.com,DATA ENGINEERING,8789535207,Dushanbe
833,Grier,Chauncey,Grier.Chauncey@yopmail.com,SALES,7507980545,El Aaiún
834,Vere,Grosz,Vere.Grosz@yopmail.com,SALES,9272608541,Taipei
835,Pearline,Johnsson,Pearline.Johnsson@yopmail.com,HR,4322001627,La Paz
836,Georgina,Even,Georgina.Even@yopmail.com,FINANCE,6527243612,Vientiane
837,Damaris,Arathorn,Damaris.Arathorn@yopmail.com,HR,3476707878,Valletta
838,Olivette,Maryanne,Olivette.Maryanne@yopmail.com,HR,4717641512,Recife
839,Dania,Vacuva,Dania.Vacuva@yopmail.com,IT,5732498271,Saint John
840,Di,Skurnik,Di.Skurnik@yopmail.com,DATA ENGINEERING,9665189699,Miri
841,Corry,Brittani,Corry.Brittani@yopmail.com,IT,2584884636,Iloilo City
842,Ermengarde,Franza,Ermengarde.Franza@yopmail.com,DATA ENGINEERING,5498922250,Ulan Bator
843,Karly,Zuzana,Karly.Zuzana@yopmail.com,IT,1339651863,Shenzhen
844,Dorthy,Kare,Dorthy.Kare@yopmail.com,DATA ENGINEERING,8190975684,Bishkek
845,Clo,Ries,Clo.Ries@yopmail.com,IT,7189085846,Iloilo City
846,Marnia,Arquit,Marnia.Arquit@yopmail.com,HR,3141404066,Aberdeen
847,Keelia,Urias,Keelia.Urias@yopmail.com,IT,9668777530,Gangtok
848,Tracey,Azeria,Tracey.Azeria@yopmail.com,IT,6251438054,Road Town
849,Di,Annabella,Di.Annabella@yopmail.com,DATA ENGINEERING,3952865905,Pune
850,Melisent,Jacinda,Melisent.Jacinda@yopmail.com,HR,2087994901,Cardiff
851,Ofilia,Elvyn,Ofilia.Elvyn@yopmail.com,SALES,4998077758,Sri Jayawardenapura-Kotte
852,Katuscha,Hoban,Katuscha.Hoban@yopmail.com,IT,1787511984,Antofagasta
853,Mignon,Wind,Mignon.Wind@yopmail.com,SALES,3165711002,Melbourne
854,Beatriz,Hashim,Beatriz.Hashim@yopmail.com,HR,4220933355,Bratislava
855,Jordan,Lane,Jordan.Lane@yopmail.com,HR,1248981357,Port Hedland
856,Dennie,Ashely,Dennie.Ashely@yopmail.com,IT,8616002207,Kaesong
857,Glynnis,Cavan,Glynnis.Cavan@yopmail.com,FINANCE,6674609491,Suva
858,Tybie,Wallis,Tybie.Wallis@yopmail.com,FINANCE,4425264992,Ilhéus
859,Sashenka,Abram,Sashenka.Abram@yopmail.com,SALES,5737913370,Saint Petersburg
860,Gabi,McLaughlin,Gabi.McLaughlin@yopmail.com,DATA ENGINEERING,2501920935,Amritsar
861,Sidoney,Arquit,Sidoney.Arquit@yopmail.com,FINANCE,4187594671,Córdoba
862,Justinn,Niles,Justinn.Niles@yopmail.com,DATA ENGINEERING,5848364223,Tampere
863,Tani,Percy,Tani.Percy@yopmail.com,DATA ENGINEERING,6589007839,Bandar Seri Begawan
864,Elyssa,Libna,Elyssa.Libna@yopmail.com,FINANCE,6901217352,Denpasar
865,Shannah,Terrence,Shannah.Terrence@yopmail.com,HR,3580002581,Vienna
866,Rosaline,Prober,Rosaline.Prober@yopmail.com,IT,6351201038,Milan
867,Cristabel,Ummersen,Cristabel.Ummersen@yopmail.com,DATA ENGINEERING,2843854537,Djibouti (city)
868,Cam,Medrek,Cam.Medrek@yopmail.com,SALES,9267389312,Tabriz
869,Dode,Salchunas,Dode.Salchunas@yopmail.com,DATA ENGINEERING,9341941376,Koror
870,Hildegaard,Marijo,Hildegaard.Marijo@yopmail.com,IT,1428583176,Lanzhou
871,Carmela,Sekofski,Carmela.Sekofski@yopmail.com,IT,7496270419,Toronto
872,Brianna,Wolfgram,Brianna.Wolfgram@yopmail.com,IT,4762918275,St. Louis
873,Marti,Wesle,Marti.Wesle@yopmail.com,DATA ENGINEERING,2149255765,Athens
874,Jackie,Goddard,Jackie.Goddard@yopmail.com,HR,9149854699,Oranjestad
875,Vere,Gunn,Vere.Gunn@yopmail.com,DATA ENGINEERING,6312349025,Kuwait City
876,Katleen,Hepsibah,Katleen.Hepsibah@yopmail.com,FINANCE,9879608252,Tórshavn
877,Jeanna,Evvie,Jeanna.Evvie@yopmail.com,IT,6088745766,Lhasa
878,Merrie,Baudin,Merrie.Baudin@yopmail.com,IT,3614413670,Tashkent
879,Ebonee,Anselmi,Ebonee.Anselmi@yopmail.com,FINANCE,7838028380,Hong Kong
880,Alejandra,Sandye,Alejandra.Sandye@yopmail.com,SALES,6827456173,Geneva
881,Estell,Jerold,Estell.Jerold@yopmail.com,DATA ENGINEERING,5915420218,Conakry
882,Lila,Payson,Lila.Payson@yopmail.com,HR,3363195938,Cebu City
883,Rivalee,Koziara,Rivalee.Koziara@yopmail.com,FINANCE,1664928491,Sydney
884,Dotty,Evvie,Dotty.Evvie@yopmail.com,SALES,4151924011,Arbil
885,Luci,Boycey,Luci.Boycey@yopmail.com,SALES,2452691373,Nizhny Novgorod
886,Arlena,McCutcheon,Arlena.McCutcheon@yopmail.com,FINANCE,9285811256,Geneva
887,Delilah,Amethist,Delilah.Amethist@yopmail.com,SALES,3543403284,Honolulu
888,Sissy,Moina,Sissy.Moina@yopmail.com,IT,4606595823,Batticaloa
889,Linzy,Boycey,Linzy.Boycey@yopmail.com,FINANCE,9632330616,Cuiabá
890,Elie,Berne,Elie.Berne@yopmail.com,SALES,4230646662,Split (city)
891,Charmaine,Haymes,Charmaine.Haymes@yopmail.com,HR,8108113272,Incheon
892,Jaclyn,My,Jaclyn.My@yopmail.com,FINANCE,8135873827,Panama City
893,Taffy,Glovsky,Taffy.Glovsky@yopmail.com,FINANCE,9946801213,Tartu
894,Ethel,Ramona,Ethel.Ramona@yopmail.com,HR,5332960416,Nizhny Novgorod
895,Kirstin,Winnick,Kirstin.Winnick@yopmail.com,DATA ENGINEERING,2375511093,Salzburg
896,Shannah,Ezar,Shannah.Ezar@yopmail.com,SALES,7388880674,Stockholm
897,Beatriz,Gherardo,Beatriz.Gherardo@yopmail.com,DATA ENGINEERING,5887497027,Brussels
898,Helena,Esmaria,Helena.Esmaria@yopmail.com,HR,7915274702,Praia
899,Donetta,Hewitt,Donetta.Hewitt@yopmail.com,FINANCE,9297424356,Dili
900,Jacquetta,Payson,Jacquetta.Payson@yopmail.com,FINANCE,7166235520,Siem Reap
901,Marleah,Kravits,Marleah.Kravits@yopmail.com,FINANCE,5800603079,Gothenburg
902,Susan,Shields,Susan.Shields@yopmail.com,DATA ENGINEERING,6870454417,Portland
903,Wendi,Malvino,Wendi.Malvino@yopmail.com,HR,2278174953,Macau
904,Marnia,Quinn,Marnia.Quinn@yopmail.com,SALES,4986446843,Kaliningrad
905,Melodie,Thilda,Melodie.Thilda@yopmail.com,IT,6861577137,Guadalajara
906,Wilma,Haldas,Wilma.Haldas@yopmail.com,SALES,6123422105,Abu Dhabi
907,Elmira,Jaylene,Elmira.Jaylene@yopmail.com,SALES,2854992637,Maceió
908,Katleen,Haldas,Katleen.Haldas@yopmail.com,SALES,5548233946,São Tomé
909,Bobbi,Sadowski,Bobbi.Sadowski@yopmail.com,HR,7081583351,Santo Domingo
910,Larine,Casimir,Larine.Casimir@yopmail.com,SALES,4973171417,Agartala
911,Fawne,Zachary,Fawne.Zachary@yopmail.com,IT,4247744051,Lanzhou
912,Quintina,Evvie,Quintina.Evvie@yopmail.com,IT,9587344083,Santo Domingo
913,Lenna,Madaih,Lenna.Madaih@yopmail.com,HR,8435460976,Perth
914,Aeriela,Frendel,Aeriela.Frendel@yopmail.com,DATA ENGINEERING,1173075853,Thimphu
915,Brana,Podvin,Brana.Podvin@yopmail.com,SALES,6232499596,Mashhad
916,Corly,Imelida,Corly.Imelida@yopmail.com,FINANCE,5018678079,Pretoria
917,Nollie,Roche,Nollie.Roche@yopmail.com,IT,5026676116,San Fernando
918,Angela,Timon,Angela.Timon@yopmail.com,DATA ENGINEERING,2199336136,Chaguanas
919,Vevay,Wenoa,Vevay.Wenoa@yopmail.com,SALES,9569501991,Petropavlovsk-Kamchatsky
920,Estell,Norvol,Estell.Norvol@yopmail.com,IT,8715738659,Belmopan
921,Lacie,Rona,Lacie.Rona@yopmail.com,SALES,1353678638,Xining
922,Nariko,Anis,Nariko.Anis@yopmail.com,IT,4708640521,Podgorica
923,Ashlee,Papageno,Ashlee.Papageno@yopmail.com,SALES,7913179556,Changchun
924,Rhea,Erskine,Rhea.Erskine@yopmail.com,IT,8200317950,Rabat
925,Fred,Vharat,Fred.Vharat@yopmail.com,HR,4048578888,Harare
926,Violet,Stefa,Violet.Stefa@yopmail.com,HR,6477151619,Taipei
927,Roz,Honoria,Roz.Honoria@yopmail.com,HR,8318974044,Beirut
928,Ricky,Leffen,Ricky.Leffen@yopmail.com,DATA ENGINEERING,2466725005,Pattaya
929,Leeanne,Justinn,Leeanne.Justinn@yopmail.com,FINANCE,2884736427,Sarajevo
930,Meg,Reidar,Meg.Reidar@yopmail.com,SALES,1413254568,Tashkent
931,Jacquetta,Olympium,Jacquetta.Olympium@yopmail.com,HR,8948034589,Colombo
932,Concettina,Cassius,Concettina.Cassius@yopmail.com,IT,4747811593,Cairo
933,Adore,Center,Adore.Center@yopmail.com,FINANCE,3799366175,Phnom Penh
934,Ayn,Anyah,Ayn.Anyah@yopmail.com,DATA ENGINEERING,9702020166,Yaren District
935,Genevra,Darian,Genevra.Darian@yopmail.com,DATA ENGINEERING,9799731360,Bamako
936,Tressa,Yorick,Tressa.Yorick@yopmail.com,IT,5222439803,Zürich
937,Ardenia,Lissi,Ardenia.Lissi@yopmail.com,SALES,1067887457,Townsville
938,Malina,Dyche,Malina.Dyche@yopmail.com,HR,7325861862,Papeete
939,Demetris,Olin,Demetris.Olin@yopmail.com,DATA ENGINEERING,4713333872,San Carlos de Bariloche
940,Cam,Wind,Cam.Wind@yopmail.com,FINANCE,8037667526,Kuala Lumpur
941,Chickie,Hermes,Chickie.Hermes@yopmail.com,SALES,6589177996,Adak
942,Etta,Madelene,Etta.Madelene@yopmail.com,FINANCE,8736512718,Cebu City
943,Sarette,Neils,Sarette.Neils@yopmail.com,FINANCE,7235647445,Ashgabat
944,Jorry,August,Jorry.August@yopmail.com,FINANCE,5994728081,Chiang Mai
945,Kittie,Naashom,Kittie.Naashom@yopmail.com,HR,8355983515,Jamestown
946,Ninnetta,Dalli,Ninnetta.Dalli@yopmail.com,SALES,7330895915,Omdurman
947,Daryl,McClimans,Daryl.McClimans@yopmail.com,IT,3729976869,Doha
948,Morganica,Marcellus,Morganica.Marcellus@yopmail.com,DATA ENGINEERING,9914067709,Zapopan
949,Carlie,Gaynor,Carlie.Gaynor@yopmail.com,HR,6745042420,Las Vegas
950,Chastity,Brady,Chastity.Brady@yopmail.com,IT,6076516213,Cleveland
951,Zsa Zsa,Jagir,Zsa Zsa.Jagir@yopmail.com,HR,7864830387,Tskhinvali
952,Janey,Ursulette,Janey.Ursulette@yopmail.com,IT,7037959268,Porto
953,Alex,Cosenza,Alex.Cosenza@yopmail.com,FINANCE,6441602279,Port of Spain
954,Pearline,Alfons,Pearline.Alfons@yopmail.com,HR,2710591447,Simferopol
955,Elfreda,Haerr,Elfreda.Haerr@yopmail.com,SALES,5180368727,Pune
956,Zsa Zsa,Pond,Zsa Zsa.Pond@yopmail.com,DATA ENGINEERING,6419806145,Athens
957,Lesly,Toffic,Lesly.Toffic@yopmail.com,SALES,1622545241,Mashhad
958,Ruthe,Bartlett,Ruthe.Bartlett@yopmail.com,SALES,7444716210,Nice
959,Sidoney,Maiah,Sidoney.Maiah@yopmail.com,HR,3955188270,Nanning
960,Berget,Ricki,Berget.Ricki@yopmail.com,FINANCE,1800187260,Chittagong
961,Leona,Ball,Leona.Ball@yopmail.com,HR,3577727430,Handan
962,Cassondra,Tjon,Cassondra.Tjon@yopmail.com,FINANCE,4522218714,Port Vila
963,Karena,Chesna,Karena.Chesna@yopmail.com,HR,3783753100,Nicosia
964,Liana,Zuzana,Liana.Zuzana@yopmail.com,HR,8685397701,Iqaluit
965,Lynnea,Llovera,Lynnea.Llovera@yopmail.com,SALES,2923524650,Zamboanga City
966,Emylee,Reinke,Emylee.Reinke@yopmail.com,HR,2780466613,Valdivia
967,Raina,Wenda,Raina.Wenda@yopmail.com,DATA ENGINEERING,5001959690,Hyderabad
968,Ricky,Berriman,Ricky.Berriman@yopmail.com,FINANCE,9617849727,Perm
969,Sindee,Havens,Sindee.Havens@yopmail.com,FINANCE,3132870026,Pago Pago
970,Etta,Raseda,Etta.Raseda@yopmail.com,HR,2889093270,Split (city)
971,Lesly,Ambrosia,Lesly.Ambrosia@yopmail.com,IT,4902066602,Chuí
972,Justinn,Grobe,Justinn.Grobe@yopmail.com,FINANCE,8550696712,City of Halifax
973,Gaylene,Neils,Gaylene.Neils@yopmail.com,SALES,1226296039,Monaco
974,Elsie,Amasa,Elsie.Amasa@yopmail.com,FINANCE,7743104550,Apia
975,Tressa,Parsaye,Tressa.Parsaye@yopmail.com,IT,5569907568,Tskhinvali
976,Caryl,Isacco,Caryl.Isacco@yopmail.com,DATA ENGINEERING,8889421525,Rockhampton
977,Jeanna,Lynn,Jeanna.Lynn@yopmail.com,SALES,4849323022,Brisbane
978,Frieda,Jagir,Frieda.Jagir@yopmail.com,SALES,9957170621,Apia
979,Sophia,Bartlett,Sophia.Bartlett@yopmail.com,HR,1425161482,Kobe
980,Heida,Kermit,Heida.Kermit@yopmail.com,FINANCE,7291736888,Doha
981,Shaine,Terrence,Shaine.Terrence@yopmail.com,HR,4005753381,Cologne
982,Mathilda,Noelyn,Mathilda.Noelyn@yopmail.com,SALES,5194148372,Banjul
983,Zsa Zsa,Cleo,Zsa Zsa.Cleo@yopmail.com,IT,6635965771,Belgrade
984,Orsola,Cimbura,Orsola.Cimbura@yopmail.com,SALES,2008083209,Bratsk
985,Sandie,Saunderson,Sandie.Saunderson@yopmail.com,IT,2967244227,Dongguan
986,Tobe,Llovera,Tobe.Llovera@yopmail.com,IT,3743383808,Tampere
987,Aimil,Zuzana,Aimil.Zuzana@yopmail.com,DATA ENGINEERING,6706796596,Wollongong
988,Blake,Durware,Blake.Durware@yopmail.com,DATA ENGINEERING,2442145092,Andorra la Vella
989,Kimberley,Andrel,Kimberley.Andrel@yopmail.com,DATA ENGINEERING,6983950121,Busan
990,Deloria,Konyn,Deloria.Konyn@yopmail.com,IT,7162226596,Nukus
991,Ileana,Ailyn,Ileana.Ailyn@yopmail.com,DATA ENGINEERING,9778776351,Rio de Janeiro
992,Chandra,Bibi,Chandra.Bibi@yopmail.com,DATA ENGINEERING,3221120807,Mamoudzou
993,Georgina,Buffum,Georgina.Buffum@yopmail.com,SALES,6104786698,Hanga Roa
994,Tomasina,Killigrew,Tomasina.Killigrew@yopmail.com,IT,7670707611,Maracaibo
995,Sindee,Bennie,Sindee.Bennie@yopmail.com,HR,3163987729,Nukus
996,Ilse,Delacourt,Ilse.Delacourt@yopmail.com,DATA ENGINEERING,9972537010,Monrovia
997,Ricky,Carmena,Ricky.Carmena@yopmail.com,SALES,4015899125,San Salvador
998,Ada,Decato,Ada.Decato@yopmail.com,FINANCE,7886727354,Leipzig
999,Harmonia,Sikorski,Harmonia.Sikorski@yopmail.com,HR,5567349174,Andorra la Vella
1000,Thalia,Fennessy,Thalia.Fennessy@yopmail.com,DATA ENGINEERING,9850746587,Stuttgart
1001,Almeta,Imelida,Almeta.Imelida@yopmail.com,FINANCE,9625847274,Kraków
1002,Pearline,Selway,Pearline.Selway@yopmail.com,FINANCE,2840622608,Osaka
1003,Dulce,Arne,Dulce.Arne@yopmail.com,IT,7544418268,Longyearbyen
1004,Ardys,Swanhildas,Ardys.Swanhildas@yopmail.com,HR,1093826125,Marseille
1005,Sibella,Sinegold,Sibella.Sinegold@yopmail.com,HR,6208687788,Medan
1006,Lenna,Timon,Lenna.Timon@yopmail.com,DATA ENGINEERING,6748368282,Dongguan
1007,Maud,Etom,Maud.Etom@yopmail.com,SALES,1016327421,Asmara
1008,Jan,Lanita,Jan.Lanita@yopmail.com,IT,6332157873,Lubumbashi
1009,Mathilda,Linskey,Mathilda.Linskey@yopmail.com,IT,2957322913,Kigali
1010,Florencia,Weide,Florencia.Weide@yopmail.com,HR,1939531918,Split (city)
1011,Dorice,Jess,Dorice.Jess@yopmail.com,DATA ENGINEERING,2937611580,Durango
1012,Allyce,Kravits,Allyce.Kravits@yopmail.com,DATA ENGINEERING,2873742522,Cayenne
1013,Constance,Munn,Constance.Munn@yopmail.com,HR,7952054331,Amritsar
1014,Joelly,Eiser,Joelly.Eiser@yopmail.com,IT,4316334382,Cebu City
1015,Molli,Juliet,Molli.Juliet@yopmail.com,HR,6540677577,Namangan
1016,Olwen,Scammon,Olwen.Scammon@yopmail.com,FINANCE,5008804008,Detroit
1017,Karly,Rubie,Karly.Rubie@yopmail.com,SALES,1175197730,Budapest
1018,Bibby,Merna,Bibby.Merna@yopmail.com,IT,2216926466,Fort-de-France
1019,Petronia,Alva,Petronia.Alva@yopmail.com,IT,7868858574,Ibiza
1020,Elena,Breed,Elena.Breed@yopmail.com,HR,9485872106,Banda Aceh
1021,Maisey,Destinee,Maisey.Destinee@yopmail.com,FINANCE,3630708686,Santa Cruz de Tenerife
1022,Halette,Hoban,Halette.Hoban@yopmail.com,SALES,1276946361,Quetzaltenango
1023,Annice,Lorenz,Annice.Lorenz@yopmail.com,IT,4988082670,Livingstone
1024,Renae,Gusella,Renae.Gusella@yopmail.com,IT,8804968901,Malmö
1025,Fidelia,Irmine,Fidelia.Irmine@yopmail.com,HR,6188549352,Leipzig
1026,Lanae,Pelagias,Lanae.Pelagias@yopmail.com,FINANCE,4387123992,Tegucigalpa
1027,Ariela,Bendick,Ariela.Bendick@yopmail.com,FINANCE,8147945305,Cincinnati
1028,Gloria,Brenn,Gloria.Brenn@yopmail.com,SALES,9072452422,Cali
1029,Rani,Aloise,Rani.Aloise@yopmail.com,FINANCE,5988473244,Okinawa
1030,Inga,Stevy,Inga.Stevy@yopmail.com,DATA ENGINEERING,4442527329,Durban
1031,Daphne,Flita,Daphne.Flita@yopmail.com,DATA ENGINEERING,1602064656,Taichung
1032,Bertine,Bow,Bertine.Bow@yopmail.com,IT,1701204749,Stepanakert
1033,Raina,Dowski,Raina.Dowski@yopmail.com,FINANCE,6357036640,Belém
1034,Dari,Llovera,Dari.Llovera@yopmail.com,HR,7005396487,Chennai
1035,Cyndie,Garrison,Cyndie.Garrison@yopmail.com,SALES,9467748211,Brussels
1036,Lorne,Amethist,Lorne.Amethist@yopmail.com,FINANCE,8748752986,Anadyr (town)
1037,Lauryn,Yuille,Lauryn.Yuille@yopmail.com,SALES,2486546202,Campinas
1038,Dotty,Ioab,Dotty.Ioab@yopmail.com,HR,6431452253,Valletta
1039,Shirlee,Hazlett,Shirlee.Hazlett@yopmail.com,DATA ENGINEERING,8525757375,Kraków
1040,Olwen,Ricki,Olwen.Ricki@yopmail.com,IT,4213211224,Konya
1041,Carmela,Nikaniki,Carmela.Nikaniki@yopmail.com,IT,4156361333,Rockhampton
1042,Grier,Lea,Grier.Lea@yopmail.com,FINANCE,2112638084,Willemstad
1043,Codie,Pauly,Codie.Pauly@yopmail.com,FINANCE,5945888246,Pontianak
1044,Lusa,Bandeen,Lusa.Bandeen@yopmail.com,DATA ENGINEERING,7993166102,Cartagena
1045,Kore,Lorenz,Kore.Lorenz@yopmail.com,HR,9798139550,Campinas
1046,Linzy,Junie,Linzy.Junie@yopmail.com,DATA ENGINEERING,3937913212,Warsaw
1047,Shaine,Swigart,Shaine.Swigart@yopmail.com,HR,6933719978,Daegu
1048,Vere,Phi,Vere.Phi@yopmail.com,HR,6313357788,Weno
1049,Donnie,Garrison,Donnie.Garrison@yopmail.com,SALES,2545536184,Quito
1050,Evaleen,Dawkins,Evaleen.Dawkins@yopmail.com,SALES,6340412792,Baghdad
1051,Tina,Carolin,Tina.Carolin@yopmail.com,IT,6185784788,Nukulaelae
1052,Pamella,Thunell,Pamella.Thunell@yopmail.com,SALES,3506636973,Sofia
1053,Hope,Kinnard,Hope.Kinnard@yopmail.com,IT,6258349764,Minneapolis
1054,Joleen,Center,Joleen.Center@yopmail.com,IT,8382432650,Santa Cruz de la Sierra
1055,Rosaline,Lindemann,Rosaline.Lindemann@yopmail.com,DATA ENGINEERING,6144691500,Bergen
1056,Suzette,Kevon,Suzette.Kevon@yopmail.com,FINANCE,4625051536,Fukuoka
1057,Susan,Pandolfi,Susan.Pandolfi@yopmail.com,DATA ENGINEERING,1863586799,Columbus
1058,Nananne,Libna,Nananne.Libna@yopmail.com,HR,5804702836,Durban
1059,Edee,Ralfston,Edee.Ralfston@yopmail.com,DATA ENGINEERING,3598757684,Iloilo City
1060,Tressa,Astra,Tressa.Astra@yopmail.com,DATA ENGINEERING,4091352359,Lanzhou
1061,Fayre,Noman,Fayre.Noman@yopmail.com,HR,6047602677,Papeete
1062,Kathi,Nadia,Kathi.Nadia@yopmail.com,SALES,1444890862,Bishkek
1063,Tarra,Thema,Tarra.Thema@yopmail.com,SALES,7585721743,Adak
1064,Iseabal,Erich,Iseabal.Erich@yopmail.com,SALES,5208222907,Hamburg
1065,Fawne,Abernon,Fawne.Abernon@yopmail.com,FINANCE,8400723134,Riyadh
1066,Collen,Nadia,Collen.Nadia@yopmail.com,SALES,5866541974,Madrid
1067,Maryellen,Jagir,Maryellen.Jagir@yopmail.com,HR,7545199989,Christchurch
1068,Maye,Drisko,Maye.Drisko@yopmail.com,IT,8226655495,Philadelphia
1069,Yvonne,Kellby,Yvonne.Kellby@yopmail.com,SALES,3701922477,Memphis
1070,Sibella,Skell,Sibella.Skell@yopmail.com,HR,4828534443,Belfast
1071,Tobe,Riordan,Tobe.Riordan@yopmail.com,IT,8951667177,Tskhinvali
1072,Linet,Vanni,Linet.Vanni@yopmail.com,DATA ENGINEERING,7261082355,Mogadishu
1073,Keelia,Leonard,Keelia.Leonard@yopmail.com,IT,3088089551,Luxor
1074,Therine,Bluh,Therine.Bluh@yopmail.com,HR,9254781826,Namangan
1075,Melanie,Mayeda,Melanie.Mayeda@yopmail.com,FINANCE,7098439143,Bulawayo
1076,Annice,Dahlia,Annice.Dahlia@yopmail.com,IT,2038162176,Louisville
1077,Cam,Merell,Cam.Merell@yopmail.com,DATA ENGINEERING,3089883364,Sabha
1078,Phylis,Kress,Phylis.Kress@yopmail.com,IT,5053694393,Bamako
1079,Jaime,Zaslow,Jaime.Zaslow@yopmail.com,HR,6754806957,Muscat
1080,Jaclyn,Elo,Jaclyn.Elo@yopmail.com,FINANCE,4717397474,Columbus
1081,Jackie,Dituri,Jackie.Dituri@yopmail.com,DATA ENGINEERING,9579151685,Colombo
1082,Tiffie,Abernon,Tiffie.Abernon@yopmail.com,HR,3603777757,Papeete
1083,Tilly,Turne,Tilly.Turne@yopmail.com,HR,8059832775,Djibouti (city)
1084,Sean,Laurianne,Sean.Laurianne@yopmail.com,IT,7676986126,Marseille
1085,Linet,Corabella,Linet.Corabella@yopmail.com,DATA ENGINEERING,4426191119,Zapopan
1086,Tracey,Durware,Tracey.Durware@yopmail.com,DATA ENGINEERING,5015971506,Tripoli
1087,Olivette,Faso,Olivette.Faso@yopmail.com,SALES,6934378280,Valdivia
1088,Theodora,Argus,Theodora.Argus@yopmail.com,HR,1648351206,Dededo
1089,Dulcinea,Roarke,Dulcinea.Roarke@yopmail.com,HR,1733694599,Dubai
1090,Marika,Lareena,Marika.Lareena@yopmail.com,FINANCE,1888506267,Makati City
1091,Christian,Ferrell,Christian.Ferrell@yopmail.com,FINANCE,3131886035,Kobe
1092,Catrina,Flyn,Catrina.Flyn@yopmail.com,IT,1158666377,Praia
1093,Marinna,Ingra,Marinna.Ingra@yopmail.com,DATA ENGINEERING,8976462109,Francistown
1094,Nelle,Valoniah,Nelle.Valoniah@yopmail.com,HR,5230079462,Dar es Salaam
1095,Elena,Whittaker,Elena.Whittaker@yopmail.com,HR,5376512219,Yamoussoukro
1096,Paulita,Zrike,Paulita.Zrike@yopmail.com,HR,6815890497,Warsaw
1097,Deirdre,Fulmer,Deirdre.Fulmer@yopmail.com,IT,2604695018,Shenzhen
1098,Hannis,Gilmour,Hannis.Gilmour@yopmail.com,HR,8248481205,Lagos
1099,Harmonia,Marsden,Harmonia.Marsden@yopmail.com,HR,6441598997,Vladivostok